plot_id,predicted_yield_tons_per_ha
PLOT-017296,2.979572988170753
PLOT-017259,2.3771846985883176
PLOT-016178,1.8777809335501394
PLOT-018610,3.0332378510846865
PLOT-015109,2.6256741079424364
PLOT-016351,2.8096968395299298
PLOT-017917,1.3753996373484418
PLOT-016422,2.8588869890008066
PLOT-018085,3.078594886108896
PLOT-015051,4.098374069511362
PLOT-018124,2.228966668690035
PLOT-016442,3.18680324678117
PLOT-016032,1.8872361677949134
PLOT-016414,2.708566900107933
PLOT-018385,3.5275156493252053
PLOT-015539,6.918137901721692
PLOT-018115,3.689196386084887
PLOT-017927,3.624124938657253
PLOT-015687,3.28210780220578
PLOT-015584,0.8952427044199033
PLOT-015219,2.2299893354155844
PLOT-016803,2.7733886615484846
PLOT-015474,1.9475224383737595
PLOT-017984,2.8869388783140613
PLOT-017147,2.376438613277981
PLOT-017440,1.7913690028657836
PLOT-018208,2.1135872509150304
PLOT-016703,1.2113948714205633
PLOT-015643,2.1789920186290788
PLOT-016058,2.7173596197535113
PLOT-015075,1.0877681608948613
PLOT-016661,0.8759218494889869
PLOT-018508,5.078997158320771
PLOT-017437,2.369385044377459
PLOT-017258,3.6984288060727706
PLOT-017063,3.18311624171549
PLOT-017838,3.3331979806125407
PLOT-017079,0.8497110074587795
PLOT-015569,4.005205006133632
PLOT-016146,3.5130771167920485
PLOT-016884,4.991822132994504
PLOT-016578,0.6431128597127972
PLOT-017559,2.0228869040684896
PLOT-017720,3.0789456553418346
PLOT-015369,2.2891597296535817
PLOT-017876,3.4214446552013764
PLOT-017847,3.365710832864439
PLOT-017730,0.4031646422851311
PLOT-015531,2.2655759853825104
PLOT-015062,3.3625779588418028
PLOT-015438,3.341513553154246
PLOT-018698,2.9293682274510346
PLOT-016680,2.365196175329128
PLOT-017845,4.395935267400038
PLOT-015412,0.8824308422614427
PLOT-018488,3.8051655769294546
PLOT-015774,2.916683288730793
PLOT-017199,5.433876949713275
PLOT-018697,4.178368811237898
PLOT-016729,2.2900609876199196
PLOT-017556,1.1308842936469465
PLOT-018475,2.23661437588476
PLOT-016568,0.9890964011845793
PLOT-017444,2.3959840599238693
PLOT-015186,4.821441876465899
PLOT-015262,3.3545726713628867
PLOT-017650,1.8414885814791837
PLOT-016963,5.841411997769773
PLOT-017561,0.4769447102618711
PLOT-015259,5.213114746249211
PLOT-016841,3.1498890934597084
PLOT-015400,5.2539418925962025
PLOT-017374,3.4612339255772104
PLOT-015098,4.70854531171325
PLOT-015360,2.489489281826011
PLOT-015196,2.7229526406652287
PLOT-018417,1.9562582907551904
PLOT-015807,3.111400020913458
PLOT-015684,3.374866957352491
PLOT-017498,3.0818627039789566
PLOT-017369,3.5121788335125115
PLOT-017803,0.7587291398833268
PLOT-015637,2.518214487953255
PLOT-017933,2.6539100486061558
PLOT-016271,1.1110022609996733
PLOT-016297,2.5384862700473216
PLOT-016902,1.719169485875513
PLOT-016443,1.234176660523432
PLOT-016082,2.462672644551799
PLOT-017071,3.4916670805042678
PLOT-017173,2.2905141814909658
PLOT-016550,3.4736579731980846
PLOT-018477,2.7605099165256037
PLOT-016395,3.8174149102943393
PLOT-015694,1.9328018793654465
PLOT-017865,0.7405436527687554
PLOT-016675,3.360613429400978
PLOT-015961,2.308319246733051
PLOT-016334,3.4297220915737356
PLOT-015767,3.020195088006635
PLOT-018394,1.6151176026184613
PLOT-016209,1.8856304246382984
PLOT-018458,3.4905728508906457
PLOT-016268,3.257864590998854
PLOT-017460,2.9141013237915114
PLOT-017620,2.4172730176167865
PLOT-017019,1.4599649911017982
PLOT-016195,4.701302059250294
PLOT-018158,2.2332567505409577
PLOT-016354,2.0014624728890325
PLOT-017348,5.487943435409221
PLOT-017165,2.9140235679066944
PLOT-015433,1.0384049754530906
PLOT-018119,1.2858873357277316
PLOT-016625,1.8995020020475795
PLOT-017493,4.257619907050065
PLOT-018521,0.8015894600534322
PLOT-018018,4.522896106087549
PLOT-015445,0.8886739550131254
PLOT-017119,5.584618415353116
PLOT-016753,4.610259929881338
PLOT-015479,3.0031800265859454
PLOT-018129,4.0518713209977175
PLOT-018629,4.074448282066296
PLOT-015892,2.4644878143508246
PLOT-015511,2.180989710136563
PLOT-018165,2.0159214092091244
PLOT-017848,1.1435669399587811
PLOT-015571,2.0137420474633383
PLOT-017061,3.5024541007289747
PLOT-015030,4.056528381026257
PLOT-015359,1.846931627263754
PLOT-016740,2.6889576655602663
PLOT-016389,2.4123282390128473
PLOT-018489,2.775234311373201
PLOT-017813,3.4595919752050834
PLOT-016371,3.8457268240711087
PLOT-017553,3.4003172660467293
PLOT-016251,1.3256760106526144
PLOT-015848,1.8406295571946865
PLOT-018369,4.164746185998141
PLOT-016905,1.9136065185577587
PLOT-015985,3.333757803355482
PLOT-018339,2.5420855525307493
PLOT-016667,2.9669036976806753
PLOT-017321,3.4801945198650395
PLOT-015440,3.7879308095589783
PLOT-015095,1.8266921960120683
PLOT-015414,4.38678965904125
PLOT-017447,1.1696184276228017
PLOT-015087,4.243178248993638
PLOT-015616,2.244799105921426
PLOT-018527,1.6257064572872164
PLOT-015638,4.114780488314929
PLOT-018196,1.2698345803056013
PLOT-017701,4.195555734790401
PLOT-015651,0.9330071354796412
PLOT-016284,2.9950587399485635
PLOT-017277,4.8239168627230775
PLOT-018362,2.254059547389235
PLOT-017940,3.39604697698647
PLOT-018036,2.7021477806095224
PLOT-017892,1.1610734293039227
PLOT-015358,1.761456750842408
PLOT-018341,4.527916537804021
PLOT-015115,3.5899522410704576
PLOT-016758,0.9797145673247553
PLOT-017074,1.3898483702232243
PLOT-018714,3.014784012779312
PLOT-015883,4.029462930824243
PLOT-017053,3.4019803759501097
PLOT-015124,0.742650246715897
PLOT-017727,2.024170541459896
PLOT-015858,2.9544789133777427
PLOT-017534,3.040621174101604
PLOT-016114,2.3409037510831023
PLOT-018558,0.8034576530211784
PLOT-015070,1.7168907536149427
PLOT-017776,2.1330721809753523
PLOT-015415,0.994968275322346
PLOT-016054,2.1505706653461267
PLOT-015737,2.36512058628074
PLOT-016136,1.8653172475908675
PLOT-017466,2.2339936017234856
PLOT-016263,1.688747563921761
PLOT-016684,3.1726007190270247
PLOT-016002,2.866974489366988
PLOT-015732,2.097335662626009
PLOT-017092,2.1878479721172153
PLOT-015561,2.1539790969560717
PLOT-016611,2.411720077650996
PLOT-018737,2.7095591873247735
PLOT-016298,2.7356992770824204
PLOT-016218,1.6099148100447909
PLOT-017167,6.183245621483903
PLOT-018161,4.013270948018809
PLOT-018476,2.962260099737134
PLOT-017875,3.486244269065279
PLOT-015868,2.367830903346683
PLOT-017646,0.7477626809721225
PLOT-017200,1.7733210388628444
PLOT-015194,6.104680524081093
PLOT-017095,1.445477634679182
PLOT-016283,3.0898294402854884
PLOT-016303,2.5546107274214056
PLOT-018517,3.768850840117011
PLOT-015964,3.346864093517385
PLOT-017386,2.8502316330049093
PLOT-016363,2.6876272534815913
PLOT-015181,2.1333781702013126
PLOT-018094,2.9784109384054385
PLOT-017138,2.6556294953851474
PLOT-015200,1.7140678104312865
PLOT-017829,4.557233745535903
PLOT-016961,1.239797652818135
PLOT-017908,4.479158724755941
PLOT-016787,0.2930510822241112
PLOT-018491,3.4091145642787226
PLOT-016010,4.2463426576449566
PLOT-016937,3.9015808773079566
PLOT-016140,2.0084419521679617
PLOT-018552,2.9345552432527393
PLOT-015267,5.01200868948343
PLOT-015375,3.587789194535007
PLOT-017888,4.952854141989303
PLOT-015735,2.7825809233219108
PLOT-015699,1.7715837961476444
PLOT-016226,1.4766030945325128
PLOT-017731,3.648326466170804
PLOT-015370,1.3049016131445816
PLOT-015512,4.020309337628392
PLOT-015729,1.12579752749269
PLOT-018046,1.3903055759920266
PLOT-016197,1.102870689790709
PLOT-016799,1.924386482670502
PLOT-016782,2.3065778533593764
PLOT-018480,2.541451398776939
PLOT-015325,2.0226051077587717
PLOT-018661,3.8653422034537575
PLOT-018704,4.40873319235527
PLOT-016825,4.457791190727708
PLOT-016125,3.8852052324730755
PLOT-016365,0.5533260766900977
PLOT-016892,4.128008813744094
PLOT-018449,3.1452757870104273
PLOT-017066,1.0948603306612497
PLOT-015768,2.480731092777249
PLOT-015416,3.2436419884649443
PLOT-017780,0.850453191490804
PLOT-018493,2.2983698013362823
PLOT-018003,2.449829806857428
PLOT-017549,2.752239792443071
PLOT-018739,4.2179222406767956
PLOT-017926,2.4254410710662646
PLOT-017827,2.9742057657359116
PLOT-018066,1.714103665631238
PLOT-017546,5.592738957738311
PLOT-016759,3.1238479923163727
PLOT-016413,5.12811720058616
PLOT-016748,4.846150840943269
PLOT-015377,1.4323657569163375
PLOT-016015,2.2272743709348592
PLOT-015546,3.0429515782962375
PLOT-015691,2.9250758281494575
PLOT-015949,3.6500126223953338
PLOT-018025,2.400711072147522
PLOT-017024,3.588898730727127
PLOT-016559,3.213955591301672
PLOT-017764,1.067273959394935
PLOT-015890,1.8156471745392435
PLOT-015060,3.2456777730240667
PLOT-016724,3.508353355251602
PLOT-015632,5.542226673031505
PLOT-018226,2.170557516115262
PLOT-016599,1.0085960744296592
PLOT-017810,5.661521876276522
PLOT-016695,0.7735934645404096
PLOT-016436,1.4751261460177494
PLOT-018083,3.234597017479716
PLOT-016852,3.6321503960742465
PLOT-018076,2.4315160309157946
PLOT-017576,1.5474586853239176
PLOT-017359,2.906053376952564
PLOT-017696,2.51030506806556
PLOT-016238,5.5977505657203235
PLOT-018309,1.976440907973992
PLOT-018047,0.6226288079609348
PLOT-015746,0.8709035969386767
PLOT-015328,1.5765466567957807
PLOT-018648,2.7493061530130665
PLOT-018664,3.4804293200287977
PLOT-016989,3.2001083775739882
PLOT-015034,5.084133108641022
PLOT-018344,1.3440733300092875
PLOT-016784,4.676893567082058
PLOT-016686,3.1535467923010363
PLOT-016244,5.31671431316952
PLOT-015449,2.8971333556513907
PLOT-017923,2.7298341520209277
PLOT-017916,0.8555329501255983
PLOT-016005,0.20348436910520695
PLOT-017699,4.1148954516796366
PLOT-015718,5.521153262384259
PLOT-016621,0.6666401172001784
PLOT-017443,2.02290999718975
PLOT-016364,1.0739353459313181
PLOT-015125,1.1406332153088699
PLOT-017639,1.7332682924751897
PLOT-017302,2.703060873450062
PLOT-017345,7.1968363319524675
PLOT-018486,4.023288524785164
PLOT-016780,1.3842721466866073
PLOT-017402,0.9847935290172114
PLOT-016050,3.588061065250284
PLOT-015701,3.0584558179340355
PLOT-015340,4.389806120799637
PLOT-018720,2.26010271742596
PLOT-015187,1.7133126508253098
PLOT-015983,4.449951053636545
PLOT-018244,1.5802339320893681
PLOT-018696,2.8691386057460004
PLOT-015121,2.78610982266454
PLOT-015603,1.962338755087359
PLOT-015667,1.6859192634700921
PLOT-017607,0.7688430538097427
PLOT-015244,2.5829758071551168
PLOT-015532,4.643879216376882
PLOT-017027,1.3752940284876036
PLOT-017983,3.9863036389780144
PLOT-016179,1.8432800256959836
PLOT-017854,3.8364232561692915
PLOT-017752,3.6324023828221477
PLOT-018628,3.346708553992877
PLOT-016701,5.993356174492192
PLOT-015801,3.5355717789629804
PLOT-015840,4.338675956147653
PLOT-016235,1.7394865802718635
PLOT-017163,2.3266061501721174
PLOT-016926,3.6667399536515775
PLOT-017873,2.230777211614527
PLOT-015444,2.0338946836883585
PLOT-018090,2.844468217491584
PLOT-017284,3.203698228973567
PLOT-016313,4.128774586251283
PLOT-015921,1.917637829175009
PLOT-015795,2.34055405326526
PLOT-015897,1.919721857257043
PLOT-015009,2.071252029840649
PLOT-017904,2.0615318547726207
PLOT-016267,3.997382456032792
PLOT-017772,1.7511753416727474
PLOT-016747,3.31028669057771
PLOT-016416,2.6753640292772167
PLOT-018353,1.6759283726415426
PLOT-017112,3.0867882728516953
PLOT-017036,2.4897846424529195
PLOT-018650,2.8838729436735484
PLOT-015213,1.4945071649272115
PLOT-016104,3.346185735096716
PLOT-016726,2.9637549059092345
PLOT-018386,1.635884782215673
PLOT-018174,1.3552293138385951
PLOT-018548,2.8996361552497674
PLOT-017159,1.6220164332354536
PLOT-016397,4.38818943149971
PLOT-015836,1.3894024318008746
PLOT-015206,4.301553170502327
PLOT-015658,2.631223266107733
PLOT-018497,0.6361909286889305
PLOT-015739,1.0953824744218803
PLOT-015500,3.086901064046493
PLOT-017160,4.999917957264066
PLOT-017050,2.50145609281682
PLOT-017103,3.75944078920179
PLOT-017108,0.988238631671092
PLOT-018553,2.9277142778384575
PLOT-015666,2.156751885775391
PLOT-017371,2.3748092457332173
PLOT-015564,2.902902553724365
PLOT-016262,3.1066577700944795
PLOT-016644,3.237923408548988
PLOT-016206,4.816008847474207
PLOT-016021,3.0239210488845067
PLOT-015134,3.928992292040462
PLOT-017156,2.850252738969548
PLOT-015305,1.271583373369978
PLOT-015915,3.6921706460365504
PLOT-016591,4.275523157415076
PLOT-017312,3.513614160535414
PLOT-017319,1.9960761088815553
PLOT-015619,3.327645253154383
PLOT-017333,5.648283903235039
PLOT-015903,1.2293579547816353
PLOT-016384,2.949001205271452
PLOT-016921,1.2330429072687994
PLOT-017739,2.6042861896437137
PLOT-015296,0.9736232634756959
PLOT-015935,2.590845393496087
PLOT-017986,3.3675055199465196
PLOT-015318,5.950520445929735
PLOT-015420,1.7049758885750126
PLOT-017129,2.6785994381426326
PLOT-017790,3.0214900583040873
PLOT-017656,1.247426287246613
PLOT-016632,2.3359462431640505
PLOT-016051,2.961714108082991
PLOT-018225,1.487577560051541
PLOT-017949,3.6562951304182167
PLOT-016906,3.072770451115706
PLOT-015562,1.4932838272434912
PLOT-017367,2.271536595219415
PLOT-018710,2.1717019193398723
PLOT-018731,2.066277819765221
PLOT-016252,1.404950318014317
PLOT-017403,2.4387582207915384
PLOT-017863,3.95784779628304
PLOT-018598,3.963780796801558
PLOT-017568,1.7112240869451147
PLOT-017221,3.7945060074552828
PLOT-016816,4.060511365045546
PLOT-016587,2.6329656325302717
PLOT-017318,0.7757604346951547
PLOT-016844,1.744049263267793
PLOT-015742,3.870268795281726
PLOT-018591,4.76264667478553
PLOT-015889,2.8545752130739612
PLOT-017253,4.025755049910191
PLOT-015748,2.75551397449092
PLOT-018015,2.788076260931277
PLOT-017060,2.6524559551009617
PLOT-018286,5.131124960602696
PLOT-015514,3.8502379413383143
PLOT-018038,1.984110025069115
PLOT-016090,1.618820055548366
PLOT-015662,3.034054531358305
PLOT-016688,5.589500124184439
PLOT-015361,0.896843791531873
PLOT-017796,2.8352471194640207
PLOT-018605,1.559558171670674
PLOT-018501,2.967348855351942
PLOT-015652,2.8069291504345077
PLOT-018012,2.202004131645258
PLOT-017293,2.6830025075753317
PLOT-017170,1.9421719051337407
PLOT-017332,2.007719443553189
PLOT-016390,4.915967800655656
PLOT-018096,2.6992563794167417
PLOT-015193,2.4511528537757146
PLOT-018245,0.9838723013950507
PLOT-018081,1.7022459232535174
PLOT-018663,3.77799567126608
PLOT-017419,0.6153995107200381
PLOT-018326,3.5069765070926597
PLOT-016915,3.575325584300545
PLOT-016788,5.32331744388143
PLOT-017072,5.419128833211274
PLOT-016579,2.040020625646445
PLOT-017705,2.7564009450178166
PLOT-016872,2.4435714440081537
PLOT-015705,1.430414142704054
PLOT-015131,3.1761420373278613
PLOT-015592,0.5983863610458444
PLOT-015664,0.9587882255012009
PLOT-015565,2.235810250084095
PLOT-017503,0.38227663424790154
PLOT-016306,2.5017987560158055
PLOT-016077,4.178891321931302
PLOT-015178,2.0957027901879544
PLOT-017737,4.264388228293786
PLOT-018393,2.3694048928066733
PLOT-016431,1.3685198834645549
PLOT-016279,4.397018335998849
PLOT-015854,4.638466733690069
PLOT-015720,4.059489357440356
PLOT-016893,3.2476976175295054
PLOT-017746,5.047523575425694
PLOT-018507,3.8028941532439937
PLOT-016352,3.38928181425338
PLOT-018687,4.673272421856425
PLOT-017541,3.9541007134072466
PLOT-017309,2.783676726249483
PLOT-015517,2.7913016495413654
PLOT-018110,4.771949737048973
PLOT-017497,4.433036297120585
PLOT-018634,1.0727662606403587
PLOT-015079,2.0332908996199865
PLOT-017992,3.972547844682308
PLOT-016225,3.7866773714945534
PLOT-015427,4.249365162718763
PLOT-016795,3.0125303711871734
PLOT-017765,1.9471117884547087
PLOT-018264,0.8814486644390415
PLOT-017756,1.122120547240896
PLOT-018570,1.1149763741539926
PLOT-016470,1.303852981346427
PLOT-017178,1.0565864032690229
PLOT-018492,5.522018302674427
PLOT-015933,2.0315956011304412
PLOT-017090,3.9320434314589567
PLOT-018323,3.2996907184620814
PLOT-015527,3.6081940165307174
PLOT-018504,1.3969516692311044
PLOT-015513,6.155188239512817
PLOT-016995,1.012800119893648
PLOT-017228,3.192682313796505
PLOT-017700,0.7619786330898322
PLOT-015707,1.7887692832684488
PLOT-016771,2.227779067741646
PLOT-016332,2.9243121624150543
PLOT-015670,2.228198441495342
PLOT-017610,3.478984966863241
PLOT-015991,3.4362711933119057
PLOT-016438,2.8198300599833037
PLOT-015180,4.258190433390112
PLOT-016277,3.422078834413599
PLOT-016674,3.316727729074856
PLOT-018134,4.550815074590715
PLOT-016933,3.722005036608942
PLOT-017924,3.355387081841423
PLOT-016039,3.2316990104716132
PLOT-016084,3.4045208537658476
PLOT-016730,5.1424441818761135
PLOT-015615,3.062140713997477
PLOT-017841,2.9879667035106747
PLOT-018607,3.2552453908957473
PLOT-016347,5.055216888751833
PLOT-016275,3.880809090090399
PLOT-015802,1.945431813103106
PLOT-017134,2.5554014309925352
PLOT-015448,0.9884670004484106
PLOT-016387,4.497867751473769
PLOT-018608,5.898289227303202
PLOT-015430,1.428682365315728
PLOT-018317,0.9204731641442819
PLOT-017893,3.0598665815792367
PLOT-017014,0.5041574750191322
PLOT-015450,2.230840113626944
PLOT-015580,3.685837019812731
PLOT-016609,1.547195730035248
PLOT-017059,2.238773208666056
PLOT-015596,6.3840545347515585
PLOT-016714,0.9751073504529865
PLOT-015789,2.8795082025102072
PLOT-015346,0.29091782067747846
PLOT-015502,3.6533626453939756
PLOT-018590,3.019611311643195
PLOT-016406,1.7071455335396977
PLOT-017176,3.4264297789851743
PLOT-016166,2.091195400669575
PLOT-016608,1.611377419894283
PLOT-017301,2.233922513182073
PLOT-016830,2.7898557524128718
PLOT-015268,2.7631302111778933
PLOT-017013,2.415602204238493
PLOT-017006,3.187562030118362
PLOT-018141,3.5968494258046593
PLOT-017421,1.4587731759579219
PLOT-017719,1.122217032830241
PLOT-017157,3.150888349948277
PLOT-017075,1.1210257465325997
PLOT-018185,1.2433564825252013
PLOT-017305,4.803473303238164
PLOT-018525,3.0976277750725183
PLOT-018395,2.387112764599364
PLOT-015992,3.8774241203693136
PLOT-015977,2.5710296348953134
PLOT-017236,1.6514493625700997
PLOT-015314,2.203658051322308
PLOT-017721,2.9220600984945264
PLOT-017641,2.954775450901982
PLOT-015283,2.3507253914349047
PLOT-016134,2.1683633813408947
PLOT-017003,4.461518861396528
PLOT-017742,2.6479299447305413
PLOT-015032,2.7173950741100503
PLOT-015590,2.838525861661643
PLOT-018723,1.4578192848644247
PLOT-015240,5.014785059487891
PLOT-017771,1.2442080830823032
PLOT-016558,4.867018508066396
PLOT-018071,4.123696953139924
PLOT-017804,4.070236012999048
PLOT-016720,0.8187926711564332
PLOT-015339,1.3186837539368736
PLOT-015993,2.0059715960044056
PLOT-016731,1.0827164029061287
PLOT-016785,1.9739733885370532
PLOT-017733,2.4933004757234922
PLOT-016170,3.1839098050485926
PLOT-018373,1.863390403633181
PLOT-016765,3.2123034855581953
PLOT-015498,2.016539663738
PLOT-015280,4.955286773333008
PLOT-015217,3.009061612925549
PLOT-016949,2.215853858903712
PLOT-015672,3.502872408086004
PLOT-016236,3.72312224556081
PLOT-016643,5.580102295862649
PLOT-015668,2.9760922324534214
PLOT-016483,2.6320866786698134
PLOT-017761,2.1237819469540904
PLOT-016412,1.8277192174564276
PLOT-018097,3.213614801898044
PLOT-016617,2.0210903959441797
PLOT-015356,2.2117982535033205
PLOT-015971,1.4526062869531446
PLOT-018406,3.03204444357964
PLOT-016749,1.990699164893081
PLOT-017081,1.8961549232590136
PLOT-015852,2.0438031206298954
PLOT-016208,2.863191751143187
PLOT-017786,1.9429074465705787
PLOT-017839,2.4293898761808532
PLOT-015751,2.0022511958494142
PLOT-018336,3.0866752718611767
PLOT-018593,5.132244055705639
PLOT-015362,1.5874757498481051
PLOT-016078,1.7312883934859382
PLOT-016597,3.1463099740500207
PLOT-015012,2.4076702331405344
PLOT-015485,2.7819863514139462
PLOT-016261,3.3891752876000028
PLOT-016745,3.745645769272515
PLOT-017735,4.760186917303598
PLOT-018382,3.651098769021267
PLOT-015786,2.169534592694535
PLOT-015959,2.1709736083308537
PLOT-017655,0.6501056543390833
PLOT-015740,1.5146652756097783
PLOT-015524,2.736690210046114
PLOT-017879,5.0180685175147905
PLOT-017634,2.035339002205498
PLOT-018092,4.47179894674405
PLOT-017915,2.3271168507668567
PLOT-018621,2.36577786692105
PLOT-017004,3.2705605105266478
PLOT-015884,2.2477202008374224
PLOT-017530,2.003478950405959
PLOT-015453,4.0409431336695345
PLOT-018324,2.4488365023077607
PLOT-016657,1.2721675645193873
PLOT-018639,1.961484286972189
PLOT-017328,1.6946830320673754
PLOT-016425,2.9038871568992746
PLOT-015099,2.455234662828955
PLOT-018690,2.5766533275972403
PLOT-017698,1.6587851365118806
PLOT-015979,1.5956535536136258
PLOT-016157,5.4905001009485535
PLOT-017015,2.1458228625128095
PLOT-016374,2.8683232823115605
PLOT-016381,2.4209929523480853
PLOT-016040,2.025151817598852
PLOT-017168,2.23043551295134
PLOT-016286,6.135190813831655
PLOT-015760,4.7416113157691795
PLOT-016086,1.9197280446667373
PLOT-016767,2.039750493623635
PLOT-015210,2.9070450926600087
PLOT-016596,3.857708363261436
PLOT-017052,2.040986026874709
PLOT-016240,5.1996371382536095
PLOT-017276,2.501884101834087
PLOT-017590,2.9582752605402964
PLOT-017768,4.6620639450046815
PLOT-017526,3.2436176724622534
PLOT-016171,3.8585327516696855
PLOT-016459,4.6257440522226165
PLOT-016183,3.043559024058935
PLOT-018534,4.05582456009669
PLOT-018132,3.732195190691451
PLOT-015773,4.558321629485146
PLOT-017304,3.366564746796837
PLOT-015631,2.078317713013121
PLOT-016153,3.5330568026741207
PLOT-016398,2.28692935933459
PLOT-015387,1.0104076675324571
PLOT-016496,3.172662157247083
PLOT-016971,2.1109372259754347
PLOT-016116,3.455874159972745
PLOT-015476,1.4904168969798468
PLOT-016547,4.952484876597035
PLOT-016463,2.248010353690462
PLOT-017930,1.8539499423289658
PLOT-016242,1.1964650014214742
PLOT-018215,3.7069293496236027
PLOT-017425,7.423485208301548
PLOT-018564,2.512180284096676
PLOT-015833,3.7048863008055894
PLOT-017116,3.4894193720360676
PLOT-017323,6.0704233134099415
PLOT-015523,4.251746013993168
PLOT-015203,4.5800611217502025
PLOT-018506,4.559250370543536
PLOT-015736,2.8726281417653
PLOT-018510,5.095106534872046
PLOT-018104,1.9873545264081043
PLOT-017736,0.5720164685135639
PLOT-018520,4.64803211376004
PLOT-017342,3.3066095907266333
PLOT-016690,1.1335923458295714
PLOT-015929,4.384418975192793
PLOT-017434,1.294702770867733
PLOT-015372,1.9311192458032707
PLOT-017272,2.830182980708348
PLOT-015488,3.5279438933131306
PLOT-018235,0.9184734826946497
PLOT-016167,6.087646793867569
PLOT-017166,3.0135057217104166
PLOT-018586,2.492831788816778
PLOT-015676,2.0273533179388936
PLOT-017242,1.9464175527477798
PLOT-017668,3.323131167884637
PLOT-016121,4.887153124983924
PLOT-017644,2.0035350531516913
PLOT-017835,1.6059581921638946
PLOT-017227,1.8522348205105843
PLOT-018024,2.874784255264943
PLOT-015700,4.615021158432359
PLOT-017264,5.322494457093875
PLOT-017394,1.8939540151914311
PLOT-018455,1.450483531619829
PLOT-016108,2.519129988968378
PLOT-015224,3.7039007885819917
PLOT-017557,2.1961975931454956
PLOT-017020,3.8249261405325643
PLOT-015587,4.486255775571646
PLOT-015172,4.669292806508483
PLOT-017124,2.608695333922986
PLOT-016324,3.6532956503995853
PLOT-015110,0.9355750886749733
PLOT-015582,3.5144458631959736
PLOT-017565,2.928473805015403
PLOT-016420,4.9806628372879205
PLOT-017970,3.6227514789097843
PLOT-018061,2.742811625771316
PLOT-015255,3.837661275984471
PLOT-018672,1.6082373735488782
PLOT-015455,1.758405810245863
PLOT-016493,1.524589533156042
PLOT-018113,1.2354008527426759
PLOT-018523,0.38539487191353117
PLOT-015800,4.22417914687453
PLOT-018463,3.0005929433516183
PLOT-018135,1.731579574819091
PLOT-017335,2.8367981590579716
PLOT-017223,1.173979989001809
PLOT-017864,6.432985955958538
PLOT-015118,2.642858300399003
PLOT-016911,1.6063001967271315
PLOT-017651,5.252068312918876
PLOT-017281,2.983961925497405
PLOT-016514,1.1909217693009357
PLOT-015876,3.534326348533686
PLOT-018403,2.5272871668676467
PLOT-017055,2.7003503186163673
PLOT-015600,3.3373057243276367
PLOT-015008,5.229523802215432
PLOT-016164,4.382206534248531
PLOT-018668,2.653921875533874
PLOT-016809,5.413748138450411
PLOT-016774,3.0151364793729862
PLOT-016781,5.521017847431818
PLOT-018422,1.0348939977800797
PLOT-017994,3.0569379868203863
PLOT-015536,2.10507431136494
PLOT-018511,4.360635020874488
PLOT-017667,2.4881681914910776
PLOT-018575,1.8738933122792205
PLOT-018678,2.436631075215391
PLOT-015275,4.504965584259159
PLOT-018426,2.249898821342612
PLOT-016434,1.5512992071476897
PLOT-016489,2.0226466899386444
PLOT-015442,3.4945572424645723
PLOT-018383,1.695879956152945
PLOT-017143,2.9666397576450323
PLOT-016564,1.6274386113277652
PLOT-018128,2.8140241807047124
PLOT-015984,4.303005702644272
PLOT-015785,2.4143106087351494
PLOT-015928,2.0207578908154193
PLOT-016260,3.0242962911913094
PLOT-016294,2.4496752229993977
PLOT-018259,4.0977033283865225
PLOT-018616,3.8352373079964366
PLOT-018606,2.1260608825193628
PLOT-017216,4.921915764458986
PLOT-016135,3.390114714074815
PLOT-017665,1.9850301423752552
PLOT-015871,3.9725280990323792
PLOT-017086,2.9870628377636996
PLOT-015847,3.863228550246591
PLOT-018227,3.8314016155721915
PLOT-015024,0.9920117417668639
PLOT-018345,4.227786416745011
PLOT-015057,1.8428384751226519
PLOT-017594,2.082423761252285
PLOT-015190,2.3569411856765243
PLOT-015898,1.1730769082234922
PLOT-017490,1.9890095093235025
PLOT-018357,2.9956706608561667
PLOT-017513,4.06279403845265
PLOT-015492,1.095115208788313
PLOT-015962,2.4117784638699726
PLOT-016257,3.2273198757041284
PLOT-018022,2.356251896715075
PLOT-015640,4.695566141128293
PLOT-015002,2.673711041790609
PLOT-016344,5.254058464168901
PLOT-017575,3.076897306614674
PLOT-015141,2.258844931467911
PLOT-016820,3.8740240318703245
PLOT-017501,2.243702695154494
PLOT-015612,2.715145089639403
PLOT-017531,2.5539848569186163
PLOT-016582,2.312446957401604
PLOT-017965,2.9135810217126834
PLOT-017991,3.4538672787184628
PLOT-017054,4.072246541105641
PLOT-015227,2.510742152823056
PLOT-018364,2.9066757836973687
PLOT-015568,0.7777662166610582
PLOT-016732,2.5166209462915377
PLOT-015572,5.488306320051885
PLOT-017017,2.8784414802119276
PLOT-017741,4.111868777946012
PLOT-017961,2.0479988055441063
PLOT-017989,1.6920996277193188
PLOT-015289,3.621037078994734
PLOT-016122,2.556949932760345
PLOT-015920,1.8090420049287301
PLOT-017109,1.448781280632142
PLOT-016583,0.874370272386342
PLOT-016229,4.029275528061813
PLOT-015939,5.789699027105298
PLOT-017762,4.767495768896934
PLOT-017536,2.967048177083185
PLOT-015426,2.963878731792717
PLOT-018053,5.1103132652525725
PLOT-016144,3.0766164341459517
PLOT-017211,2.4483881130980896
PLOT-015602,1.09125657859934
PLOT-017111,2.938121487180187
PLOT-017779,4.470133407052743
PLOT-018017,1.7645691620523931
PLOT-017521,4.748346424216321
PLOT-016308,2.7398733810383673
PLOT-018248,3.2966969073493804
PLOT-015423,1.2258784058171883
PLOT-017728,2.8870412012388904
PLOT-016429,3.9461130649667986
PLOT-015578,2.9376579446308826
PLOT-015278,4.449326463161522
PLOT-016491,0.9506006040911491
PLOT-015151,2.4951884489663985
PLOT-018130,2.242294687299577
PLOT-015378,2.710176220264636
PLOT-015895,1.9165164295767878
PLOT-018666,2.8478677515395585
PLOT-018355,4.885729298613504
PLOT-015841,4.421188459447853
PLOT-018209,5.891519876924987
PLOT-017194,2.8866096207437755
PLOT-018301,2.6803963240953705
PLOT-016614,2.048819451911419
PLOT-017783,2.8696616402397255
PLOT-015717,0.9355796105400843
PLOT-018032,2.7339127016114406
PLOT-015386,2.7940623073564024
PLOT-015446,1.7823182350805988
PLOT-017106,3.4064440254596327
PLOT-018727,2.1000523567025278
PLOT-016222,3.186200799362822
PLOT-017595,2.4279014801368373
PLOT-018172,3.0635277610986242
PLOT-015142,2.6799818421435555
PLOT-017254,1.3071967376071674
PLOT-016903,2.232730720478469
PLOT-018037,2.8428646751819384
PLOT-017457,4.079188347596535
PLOT-015451,4.481621601987305
PLOT-016228,3.5479539878022757
PLOT-016256,1.993998414825022
PLOT-018188,1.4656899473900626
PLOT-018187,3.2976013504679065
PLOT-017395,1.6362844291699152
PLOT-017502,1.901158000259707
PLOT-017246,5.618745888779272
PLOT-017679,2.7811747596281347
PLOT-017645,1.977793791241739
PLOT-015734,3.0794282219254216
PLOT-017931,3.088553943921415
PLOT-015456,4.1029660998579285
PLOT-016391,2.6249462458786095
PLOT-017703,2.1449412660964673
PLOT-017955,3.6546542355722504
PLOT-018424,2.44833907594998
PLOT-017704,3.7488812539846093
PLOT-017831,4.08140174201202
PLOT-017693,0.6234312285633181
PLOT-018179,1.1020171427204004
PLOT-017740,2.5521581466170726
PLOT-016670,3.672984284028442
PLOT-016876,2.1818151189387556
PLOT-016457,1.3079330752999412
PLOT-016188,0.8544581866614576
PLOT-016523,1.2155390266770736
PLOT-015803,1.1449770303729985
PLOT-017592,1.929310605975901
PLOT-015036,2.9261119120996404
PLOT-018547,0.9900262050792819
PLOT-018490,7.0662685854382286
PLOT-017201,2.8582956723741715
PLOT-018559,3.412336664842999
PLOT-015855,1.947314666919818
PLOT-017407,2.0314381945259217
PLOT-017748,3.3095777071418797
PLOT-016325,3.4695055864263953
PLOT-016910,0.9477602424713432
PLOT-016626,3.080317955254001
PLOT-016727,2.823525114260465
PLOT-015100,0.8490342215349095
PLOT-018251,1.405938503853127
PLOT-016929,3.210649083577842
PLOT-015341,3.6406634387842236
PLOT-018532,2.3318899410753606
PLOT-016312,2.7157833400810176
PLOT-015540,1.7581173716951748
PLOT-018292,2.3108003499223684
PLOT-015243,1.083929491454843
PLOT-018342,2.2008316112314525
PLOT-015419,2.5858925302910007
PLOT-018330,1.2290427749952078
PLOT-016888,2.394029448298349
PLOT-016734,2.1761453330374563
PLOT-015727,1.6777290898284578
PLOT-015037,2.6270235037300242
PLOT-017202,2.569051140641499
PLOT-016742,2.6309685857884415
PLOT-017898,2.6538107722596034
PLOT-015071,3.4512526408140842
PLOT-017951,2.5622905316332663
PLOT-016203,1.5776644132043014
PLOT-015226,2.6103001305204954
PLOT-016141,0.9275467986950058
PLOT-015669,4.2465831658167
PLOT-017411,3.677267121608108
PLOT-016541,3.370296642169912
PLOT-017846,1.6161846218595566
PLOT-018428,3.2506472690021737
PLOT-016849,1.8070372784200583
PLOT-016102,2.7502805617512927
PLOT-018657,0.7064590749260391
PLOT-017114,5.73414091971205
PLOT-018335,3.021507811002189
PLOT-015468,2.5949052317598977
PLOT-017031,2.4238032459984673
PLOT-017787,3.8991004381731442
PLOT-016916,2.064787154280732
PLOT-017311,2.7640080465765777
PLOT-018389,0.9791407685119522
PLOT-015824,1.5461150594589628
PLOT-016396,1.6467520556259958
PLOT-017975,5.066768548354095
PLOT-017363,3.98561111432391
PLOT-015845,2.6300395855146443
PLOT-017777,3.102233251439702
PLOT-017911,3.0310421341187403
PLOT-018123,4.2062596662675436
PLOT-015078,3.03352278302454
PLOT-018160,5.027615437883714
PLOT-016321,1.7263959002359903
PLOT-016083,2.3968347870665356
PLOT-016320,2.2634745900681286
PLOT-017558,5.060765610684389
PLOT-018363,5.57960320848749
PLOT-016700,0.7264719681342469
PLOT-015943,1.3829065676038568
PLOT-017712,2.8659775054868506
PLOT-018304,2.95180061415555
PLOT-016733,2.7388670663066863
PLOT-015241,2.296734572319183
PLOT-018312,2.2681012264596605
PLOT-018299,2.6561838601914376
PLOT-017856,3.854061135648641
PLOT-018006,4.176293727053693
PLOT-018302,4.43920964976649
PLOT-015526,4.583680206755287
PLOT-015798,2.9368662333400057
PLOT-015713,3.187805611285217
PLOT-018139,2.431651064218294
PLOT-018685,1.4015374539508758
PLOT-015738,1.5328918852129214
PLOT-016946,1.9881792441842117
PLOT-017225,3.0666086284423097
PLOT-018118,3.6409214368264458
PLOT-018434,3.524861035316899
PLOT-016377,3.5711979003753087
PLOT-016914,6.006622340566846
PLOT-016778,4.313954041083752
PLOT-018633,2.7466473340974797
PLOT-015757,4.603937058411739
PLOT-017711,3.084435460451672
PLOT-015429,4.693569022212674
PLOT-016982,3.7581222901760554
PLOT-018432,3.1585884801698687
PLOT-018313,2.4307342608752256
PLOT-016966,4.903948265566658
PLOT-015981,2.6422398115437318
PLOT-015263,1.882132243662969
PLOT-018202,3.262371292002967
PLOT-018701,3.072701386497707
PLOT-015547,0.6109409943105831
PLOT-015454,2.6349325329137163
PLOT-015338,4.699163225374345
PLOT-015026,1.6152622740056282
PLOT-017844,1.3554772849419339
PLOT-016062,2.0392796743779043
PLOT-015320,2.8406299659974494
PLOT-015000,3.079647259557741
PLOT-016506,1.4218206789793322
PLOT-018686,2.071624160204584
PLOT-016151,2.807391506456791
PLOT-015407,2.2263482156710337
PLOT-016769,4.294675842959615
PLOT-016210,2.505865649986319
PLOT-015750,2.8973682485048067
PLOT-017000,1.312004727095923
PLOT-016542,3.1676503813791164
PLOT-017794,2.876008874265052
PLOT-016095,5.213885311825511
PLOT-018217,3.110366153414982
PLOT-015577,3.5576984984518716
PLOT-016326,2.2841920933282034
PLOT-017811,2.1961873148159365
PLOT-018143,2.0684578638580957
PLOT-017234,4.643261314104664
PLOT-015270,1.7389971112314757
PLOT-015170,1.9637870397653827
PLOT-017905,3.954450439300217
PLOT-017189,1.025462542338935
PLOT-016783,3.3942425504320464
PLOT-015674,3.3770735454422347
PLOT-017807,2.5211866059363985
PLOT-016868,3.1879640610683784
PLOT-018515,0.888762285798406
PLOT-016441,5.71166424173727
PLOT-016723,1.710277226604611
PLOT-016958,3.9898784738034028
PLOT-016619,1.1858638311381304
PLOT-017366,2.4821526742080153
PLOT-017866,4.323954801241027
PLOT-016987,5.576827528745257
PLOT-015253,1.791735085354041
PLOT-016276,1.9736526653455118
PLOT-017910,2.1537950715884207
PLOT-017289,2.521233213644776
PLOT-015295,3.4690075408867536
PLOT-015053,1.391698304201045
PLOT-016096,1.6697152296524413
PLOT-015191,2.331392542576989
PLOT-015301,3.2402117861462103
PLOT-015365,3.5221004903234343
PLOT-017499,2.992372817608098
PLOT-016977,4.4505476543836435
PLOT-018703,1.9482391090858204
PLOT-015744,2.413216902296433
PLOT-016191,3.1465640051826362
PLOT-017039,2.8493101308055033
PLOT-017670,2.7089736830532685
PLOT-016923,3.689270016352017
PLOT-016355,1.6878365287107382
PLOT-016113,1.9076644216747511
PLOT-017511,3.176281568585841
PLOT-015374,3.133350309561294
PLOT-016821,1.5908233945769974
PLOT-015291,0.9107276646240956
PLOT-018358,3.485128115076198
PLOT-015389,4.196344507256396
PLOT-018375,4.1381736243233975
PLOT-018133,3.275845552190548
PLOT-016180,2.9337405895740125
PLOT-016598,2.820044979682423
PLOT-018514,2.857685313868206
PLOT-017084,1.2397374608624103
PLOT-015214,2.506871981825483
PLOT-016016,3.34920266461175
PLOT-016864,3.066038053626117
PLOT-015410,1.1939463279791136
PLOT-016545,3.109631708471806
PLOT-017619,1.055366525295776
PLOT-015832,2.087293374041422
PLOT-015179,4.4926379841632675
PLOT-015690,0.48140054429769746
PLOT-018122,1.2499925998368067
PLOT-015470,2.2381602536714413
PLOT-015704,3.3142622890399274
PLOT-017346,0.7925379281042518
PLOT-018653,1.2174327338587587
PLOT-017887,1.9536673376105094
PLOT-017593,3.279616992708876
PLOT-016075,2.9773345431833036
PLOT-018680,4.0642043007684485
PLOT-016627,1.7045352009281693
PLOT-018399,2.9381050899304744
PLOT-018295,3.8193775041760563
PLOT-015063,6.039091570786734
PLOT-015769,2.498754359405976
PLOT-016428,1.8812674715780622
PLOT-015324,2.5678255772125573
PLOT-015819,3.9568737331067556
PLOT-015780,0.7042848421073221
PLOT-016699,2.0112612496167817
PLOT-016123,3.8947885689276704
PLOT-018152,2.4644842036180346
PLOT-015752,2.9203155491151005
PLOT-016067,2.7535954411008516
PLOT-018614,5.236568497340742
PLOT-016041,1.9497336237937857
PLOT-018109,3.077975935440751
PLOT-017417,3.015678712044843
PLOT-015716,0.7330109363220562
PLOT-017717,3.674546673604326
PLOT-017582,2.7723016903775504
PLOT-015550,2.3915546771457157
PLOT-018008,3.555726340395767
PLOT-015749,0.9839336722496707
PLOT-016487,3.104492244188421
PLOT-017486,2.0943702270541316
PLOT-018337,1.9622364760403437
PLOT-017426,2.3788141009694836
PLOT-018213,1.3934973273670337
PLOT-017928,4.982416513018431
PLOT-018400,1.3954825191544442
PLOT-018531,1.3738158527475548
PLOT-017130,4.217848034296041
PLOT-015842,2.721295087340414
PLOT-016997,5.121018667488381
PLOT-015020,2.815231208964127
PLOT-017418,4.519899223778504
PLOT-015879,1.3220532506044966
PLOT-017329,2.250688025780177
PLOT-018050,2.928260239835765
PLOT-015863,5.480043560531036
PLOT-017190,2.4908699051375143
PLOT-016376,3.5145311212582726
PLOT-016936,1.4045060447198225
PLOT-015354,2.1515669257601404
PLOT-015951,1.026409838480224
PLOT-018496,0.9716315795731723
PLOT-016930,3.0304556077176206
PLOT-016430,6.1067265803388455
PLOT-018121,3.4573642404202247
PLOT-017543,2.2623693199688715
PLOT-017978,3.0217601082793077
PLOT-016305,5.329835520896321
PLOT-016073,2.4967144790668083
PLOT-016159,1.6808932897125817
PLOT-015058,1.9513374004788406
PLOT-017450,5.810673324336303
PLOT-017033,2.1239634993422287
PLOT-016696,2.538332751822938
PLOT-016379,1.1849755993363207
PLOT-016536,1.9619049903512207
PLOT-016593,2.358778369809302
PLOT-018407,2.2993665506431338
PLOT-016539,0.7854733065602154
PLOT-017566,1.8845569535520548
PLOT-016423,2.714283114126648
PLOT-017899,1.0952808629204716
PLOT-016718,2.433228691617891
PLOT-018418,2.8780157390507766
PLOT-017527,1.7718228943861727
PLOT-016068,2.580758420494314
PLOT-015147,2.297569099435437
PLOT-016715,3.450698788501957
PLOT-018198,3.654892660331463
PLOT-016589,3.892950864601252
PLOT-017747,2.994973820808799
PLOT-016531,2.234971875187756
PLOT-017799,2.8553220277602334
PLOT-015452,0.7259484171587335
PLOT-016561,1.0955036996461172
PLOT-016955,3.296216478636682
PLOT-018544,2.269103068732866
PLOT-015192,1.296986410714579
PLOT-016038,2.2404289016272227
PLOT-016537,5.175115632718814
PLOT-016293,2.858452043087431
PLOT-018398,2.0521097813000897
PLOT-018378,2.3509086561849344
PLOT-017606,3.8879199358402237
PLOT-015626,2.550038850158084
PLOT-016697,2.310610287294802
PLOT-017338,3.511159435145407
PLOT-018067,2.1758061658888783
PLOT-017294,3.916397000250294
PLOT-015974,2.430878933674909
PLOT-016763,2.0290099396102583
PLOT-018460,3.1333090810187185
PLOT-015150,5.256827932258484
PLOT-017948,5.398883674673762
PLOT-016524,5.130897308644079
PLOT-018623,2.7904471494079455
PLOT-018719,3.139349272211094
PLOT-016939,1.7572829396013518
PLOT-018360,7.135645530247241
PLOT-015484,0.7793335931184153
PLOT-017520,1.3940238473555793
PLOT-018042,3.625761555285077
PLOT-016302,2.519974627750149
PLOT-015649,4.1345443202104875
PLOT-016495,2.9082384258686607
PLOT-018724,2.2571068827275753
PLOT-016527,3.1846506442244196
PLOT-018568,3.698578335639843
PLOT-017347,4.545906423847325
PLOT-018331,3.2318587011248776
PLOT-018482,2.0368436689308496
PLOT-017082,3.7866533784988565
PLOT-016216,1.9775876393574463
PLOT-018468,1.9122968483146803
PLOT-015945,3.1947630004793974
PLOT-018396,3.939923893247165
PLOT-015072,2.992546168006766
PLOT-016610,2.37722196320611
PLOT-017614,4.41393730308827
PLOT-017098,0.8403214646880951
PLOT-018503,2.0537488619495354
PLOT-015762,2.1370807207131897
PLOT-015089,3.5636913442932223
PLOT-017621,3.5975106143959947
PLOT-016375,2.9524644425126496
PLOT-015017,3.052478308995039
PLOT-018494,2.443310824534987
PLOT-015804,5.4334256217916925
PLOT-016526,2.467073307463937
PLOT-018537,3.3509083428866338
PLOT-017662,0.831899742671487
PLOT-016127,2.056956918645475
PLOT-017248,2.5099822802227587
PLOT-015838,2.194765546376851
PLOT-016057,3.7623882953093553
PLOT-015864,1.3221031944471113
PLOT-018182,2.638342997841022
PLOT-018404,1.4953426233405478
PLOT-015298,1.555332789040615
PLOT-018059,0.4496217309264584
PLOT-016801,2.400364034690025
PLOT-016871,1.9808296787680693
PLOT-016061,3.1904072080524446
PLOT-016029,3.6820330389787572
PLOT-017769,1.7700279690265677
PLOT-017182,3.1389968208057746
PLOT-015398,3.526589704842627
PLOT-017643,3.97221661511138
PLOT-016337,3.696836687452466
PLOT-016802,2.2368276374100136
PLOT-017918,2.365523820268873
PLOT-017142,3.025366000547848
PLOT-016845,3.176863269876265
PLOT-015395,2.475615019815256
PLOT-015094,3.443031749998538
PLOT-016291,1.2004822146310854
PLOT-018411,2.679591051523151
PLOT-016353,2.3601230769255976
PLOT-016469,2.7390353633470155
PLOT-018585,2.519468658627907
PLOT-018311,4.931407289089418
PLOT-016444,2.562298868411601
PLOT-016543,2.1326214620537813
PLOT-018658,2.8723195613420205
PLOT-016942,3.266834987444867
PLOT-018518,3.1412181039252283
PLOT-015661,3.5413710691858995
PLOT-018117,1.3912950220721754
PLOT-016682,1.781087668377897
PLOT-016635,1.850793024978619
PLOT-018065,1.38076047491848
PLOT-015317,2.2001758949009105
PLOT-018334,1.9788878065218936
PLOT-017233,2.563613603777097
PLOT-015947,1.2725188603596052
PLOT-018376,3.624389607136706
PLOT-015770,3.62485286386583
PLOT-016380,2.3053963240934916
PLOT-016962,2.779065864119648
PLOT-017470,1.4837234358669622
PLOT-015544,4.734784354863244
PLOT-016382,6.14415794118862
PLOT-018216,1.297077481572863
PLOT-018102,3.5677759923619226
PLOT-016831,2.1231974115708496
PLOT-015635,4.375853615727172
PLOT-016181,4.5170586296345006
PLOT-017041,6.868022203844121
PLOT-017685,1.0155109739685972
PLOT-015108,2.2897074581317125
PLOT-017439,2.4057791696112045
PLOT-017754,3.962432136723779
PLOT-017410,2.2171122468047546
PLOT-017548,2.066487007449828
PLOT-017161,3.4058541460987497
PLOT-016940,3.4235829598595306
PLOT-018256,3.5329201437004074
PLOT-015139,2.888586205154437
PLOT-015712,2.7734648276921616
PLOT-017144,5.042255150167647
PLOT-015287,1.6817825286676455
PLOT-017077,1.1267312693374751
PLOT-015823,4.660480068959313
PLOT-017035,2.486203039888798
PLOT-017914,2.5850396305234513
PLOT-017449,1.2891211122920658
PLOT-016869,1.389108947101901
PLOT-016513,3.2944028606476
PLOT-018023,1.9120638237163035
PLOT-018300,2.965321204659262
PLOT-016224,5.215923241251728
PLOT-018176,2.7294327378489074
PLOT-018509,2.732850837758144
PLOT-017099,2.697298469265329
PLOT-015525,0.9941533181063658
PLOT-015473,2.0551751464809906
PLOT-015506,2.6111206180850246
PLOT-017011,2.5985334294057854
PLOT-016223,0.8715713872652613
PLOT-015396,2.3999516602663524
PLOT-015515,3.4496167829730235
PLOT-016343,2.7529533332489784
PLOT-015891,3.4563764924760436
PLOT-018412,3.552168046683877
PLOT-016264,2.834233213356163
PLOT-017164,3.0552240286948535
PLOT-015877,2.0999148353342827
PLOT-017118,5.273684437153354
PLOT-015013,1.3665353392304624
PLOT-018693,2.294429987342358
PLOT-017065,2.0646206237255815
PLOT-017825,3.1265606259361953
PLOT-017812,4.703730856268063
PLOT-015376,1.012170580899842
PLOT-017361,1.813494050380287
PLOT-016900,3.2923835065784006
PLOT-015857,3.979627623695234
PLOT-015503,3.5492570360243114
PLOT-016081,3.6912580994950006
PLOT-015046,3.3721634497115915
PLOT-017297,3.1150353241290007
PLOT-015266,1.6999991319589893
PLOT-017626,3.2783967123036515
PLOT-018346,1.209036706204293
PLOT-016549,1.448143489771426
PLOT-016022,4.052294014064067
PLOT-015232,1.4415179082619425
PLOT-018063,1.725705688084388
PLOT-018243,2.1016685856576918
PLOT-018354,5.638902346429898
PLOT-018562,4.536741420374915
PLOT-018681,3.1629303431986675
PLOT-016189,1.2752369223362774
PLOT-018028,1.491390869105692
PLOT-017188,2.132754631101747
PLOT-016584,2.095339447992062
PLOT-015173,2.2364521235056505
PLOT-016165,2.1485685201279234
PLOT-015204,1.9011541071369082
PLOT-017519,0.97108978376515
PLOT-017263,5.193372732198182
PLOT-016177,1.7716602613032497
PLOT-016162,2.4474419200470074
PLOT-015630,2.896134249471889
PLOT-015681,1.4594890167167294
PLOT-018683,1.3234355411514056
PLOT-018016,1.7093657094650323
PLOT-018408,1.7284694912552578
PLOT-018240,2.0827603208649785
PLOT-016511,2.221347440231383
PLOT-015621,5.1743115670725865
PLOT-016450,4.388690924541368
PLOT-017455,3.3212878142264306
PLOT-016554,2.7070159311304964
PLOT-016292,2.0362280625959457
PLOT-016106,1.2127952290063233
PLOT-016600,2.267643459478071
PLOT-016409,5.567151814947011
PLOT-015132,3.6596775008782574
PLOT-016851,0.7071368439610162
PLOT-016124,2.256772185006136
PLOT-016036,2.3222216137418035
PLOT-015644,3.669508600266476
PLOT-015778,1.4743078774965566
PLOT-016447,3.3164587528394414
PLOT-018162,1.4384717221215968
PLOT-017716,3.3076497560775464
PLOT-017552,3.096706108319197
PLOT-017314,2.0424941995396826
PLOT-018456,3.672615653563987
PLOT-018366,0.3632665868173533
PLOT-017516,1.0713918447694837
PLOT-017745,3.5925212220667295
PLOT-016586,2.429643644738738
PLOT-015117,4.766964063790783
PLOT-018642,1.0196200182871282
PLOT-016192,2.7993059712209414
PLOT-017603,5.414775740399563
PLOT-015563,1.50130440142746
PLOT-015722,3.9928017444589754
PLOT-016418,2.3090993568895986
PLOT-015490,3.4168557391827203
PLOT-016070,3.1452594957011177
PLOT-017280,2.6385650966861425
PLOT-018148,1.7384764369674501
PLOT-017185,3.417484604302759
PLOT-017320,2.138233598099963
PLOT-017461,1.5267181864390629
PLOT-017222,2.004090298676005
PLOT-016458,2.5555373790096225
PLOT-017706,3.0352796116131007
PLOT-018415,2.1727956780322604
PLOT-017068,4.213567204662638
PLOT-017350,2.8607521935818427
PLOT-015609,3.3757035261832224
PLOT-016538,2.346036808969963
PLOT-016455,2.746235440493998
PLOT-017436,1.2392802635057496
PLOT-017021,3.168063051942961
PLOT-015997,1.7797290975077358
PLOT-015576,2.489645449487973
PLOT-016163,3.7044031085516655
PLOT-015019,3.2057510723079816
PLOT-018325,2.755780372716505
PLOT-017906,2.8398157179707226
PLOT-017751,1.3872721115502538
PLOT-016274,2.9265609361249303
PLOT-015755,2.0260060718558988
PLOT-015754,3.1405062812041518
PLOT-017451,1.8174466206403264
PLOT-016327,0.21423403763668364
PLOT-015639,1.2078267010844415
PLOT-017749,6.00199580519978
PLOT-015043,2.226560193710232
PLOT-015007,2.268033988942221
PLOT-018070,3.314013667686694
PLOT-017383,3.663745702064832
PLOT-015471,1.1427046623434156
PLOT-015421,1.9776550271487578
PLOT-017310,2.5574993264467465
PLOT-015189,2.967408422424072
PLOT-018619,3.633177899556314
PLOT-018662,2.7315376475147106
PLOT-015905,2.6626649787695613
PLOT-017729,2.480068150261595
PLOT-018049,5.493106777867198
PLOT-018258,5.369613992676418
PLOT-015464,5.124934525673854
PLOT-017950,2.8697930749635416
PLOT-017629,3.584397950175322
PLOT-018281,1.3414257266313285
PLOT-017334,2.1992199593424546
PLOT-016435,5.067325223606989
PLOT-018689,0.4783438483649433
PLOT-016965,3.1648192829842543
PLOT-015065,1.9988268812911831
PLOT-017043,0.9555957239039757
PLOT-017373,0.9796382738399474
PLOT-015432,2.7829245269294285
PLOT-016432,1.8860006382623697
PLOT-015101,2.4968869097565016
PLOT-015048,1.6295426231980021
PLOT-018103,1.2608478131302248
PLOT-018214,2.2903575509488245
PLOT-016847,2.7470089841140126
PLOT-018171,2.8624380848711137
PLOT-017285,2.4428008357089444
PLOT-017385,1.1367120042736323
PLOT-016777,3.1285604407202006
PLOT-017695,4.079751042717072
PLOT-018153,2.4931848455585124
PLOT-015828,1.536551355640853
PLOT-017355,2.7931159450097782
PLOT-015129,6.781420628301803
PLOT-018054,4.139902179366618
PLOT-017085,4.321160761541646
PLOT-015849,3.499206298837927
PLOT-016953,4.536220580812707
PLOT-015315,1.1388907120011071
PLOT-016647,2.800547079810653
PLOT-015237,1.8722725761753327
PLOT-018319,2.3037364415440957
PLOT-016873,0.8902027756970153
PLOT-017974,4.310967429232501
PLOT-018443,3.579598472491588
PLOT-018365,1.0457694352173224
PLOT-017505,1.2442640872815138
PLOT-015522,1.9904787231129517
PLOT-018745,2.44520973445478
PLOT-015054,1.3729220431313058
PLOT-017102,3.367133745446588
PLOT-018242,3.900996181263336
PLOT-017265,5.764075200528327
PLOT-016109,2.917984915824498
PLOT-018447,4.514491327124703
PLOT-016193,1.8833130504423865
PLOT-016481,1.1097381049084252
PLOT-015382,1.9503470831557743
PLOT-018343,3.343846415797905
PLOT-017919,2.8256529030084505
PLOT-015157,5.6232715241848386
PLOT-018502,3.170166701173713
PLOT-017858,1.6804248227353198
PLOT-015558,2.3872695112088294
PLOT-015835,3.0447469245831287
PLOT-018622,2.772233057541413
PLOT-015463,3.6463637794127464
PLOT-018368,1.492986361602403
PLOT-018391,1.1200941939535467
PLOT-018371,0.8686448472774372
PLOT-016991,2.557717897759099
PLOT-017973,5.631440701935687
PLOT-018296,3.4342763640438556
PLOT-017471,2.846574155225099
PLOT-017186,0.627130837920933
PLOT-017409,2.1226383339538133
PLOT-016874,3.336830307156451
PLOT-016806,3.000722335070376
PLOT-015595,6.24024374606336
PLOT-016085,0.8209731644808897
PLOT-018020,3.6119591277991243
PLOT-018746,4.8732518358858234
PLOT-016815,2.3958123255506165
PLOT-016770,2.7463329394771017
PLOT-017325,2.8044987296938104
PLOT-017782,3.7155444405075286
PLOT-015367,3.50173004612957
PLOT-016232,2.374021954162314
PLOT-018220,2.5705127397535703
PLOT-016601,0.8554826408423365
PLOT-016877,3.2490411959666146
PLOT-016671,2.341237053733502
PLOT-015097,1.9344678409196332
PLOT-015860,0.7065337433641582
PLOT-015364,1.6714118820990225
PLOT-017091,3.2803548078494695
PLOT-015381,1.844066532100151
PLOT-018647,4.344311282501521
PLOT-018469,2.5344271586957787
PLOT-017336,1.6688141474815026
PLOT-015028,1.9201498617280088
PLOT-016098,1.0023569950689577
PLOT-015447,5.111811242884205
PLOT-017820,4.894198792044062
PLOT-015820,2.779299459931595
PLOT-018170,4.139299730573077
PLOT-017406,3.3486321109853803
PLOT-017123,2.3897158905173943
PLOT-017638,3.236524819372138
PLOT-017678,2.25479758335717
PLOT-017195,1.79649894795465
PLOT-016622,2.0351567793258547
PLOT-018173,2.45005032722803
PLOT-015721,2.0886703698821134
PLOT-017714,1.9037272371156035
PLOT-017539,2.4675514521518145
PLOT-018397,2.5957627856635646
PLOT-017423,2.105579683265178
PLOT-016691,1.1545817992844263
PLOT-016642,1.0856896382169439
PLOT-015779,2.7416090860440114
PLOT-017196,1.6892858883921928
PLOT-016023,1.4168834459943391
PLOT-018288,0.6439078211081055
PLOT-015004,2.2650436673370278
PLOT-015428,1.1921121536220534
PLOT-016947,2.1269268939339394
PLOT-018660,2.46169924447728
PLOT-016467,2.5093175669851338
PLOT-015516,1.1010516489301396
PLOT-017573,3.146647918344754
PLOT-018058,3.0698132404046516
PLOT-018416,3.594214375036044
PLOT-015350,3.4158860218765144
PLOT-016805,3.199706565370859
PLOT-018191,2.306214879667197
PLOT-016683,3.2627788086213423
PLOT-015660,3.1074168992710054
PLOT-018430,2.032140718086014
PLOT-018005,0.7537642652198879
PLOT-017837,5.081688430086283
PLOT-015899,2.481795515325261
PLOT-017525,2.285322246456538
PLOT-017969,2.9059509497810696
PLOT-015158,2.599437786361362
PLOT-015383,3.068620494114451
PLOT-016721,2.2193357268008658
PLOT-018356,1.0109182666667058
PLOT-015140,5.164571034520829
PLOT-015465,2.321771791512647
PLOT-017766,1.9422090805897105
PLOT-018587,0.9968969569637554
PLOT-015299,2.1595760034349563
PLOT-015397,2.2375484869499944
PLOT-016615,6.921564517550529
PLOT-015934,4.6776347892380805
PLOT-015887,2.677824324668815
PLOT-017283,2.6043480150027296
PLOT-018150,5.205298965194665
PLOT-016922,4.015516405092661
PLOT-016033,3.617366928938493
PLOT-016776,4.6460387039367514
PLOT-018062,4.368450926662495
PLOT-016634,1.2618913754447052
PLOT-016048,3.2668584387630815
PLOT-018157,1.7242930196927206
PLOT-017537,3.3629236283050306
PLOT-016528,1.405215922034807
PLOT-018120,0.8485896826266682
PLOT-015846,1.920692687592147
PLOT-015251,4.476971416073706
PLOT-017037,2.160654989902797
PLOT-018669,1.7845254767874124
PLOT-015806,4.701332984607723
PLOT-016552,1.7657954601478658
PLOT-017966,2.3876434579971986
PLOT-015715,0.958059036124842
PLOT-015336,2.6468451892224603
PLOT-016659,2.4966374639277875
PLOT-015987,3.4535706432474584
PLOT-018505,2.839338202695886
PLOT-017993,3.221356422114376
PLOT-015195,2.3569496528480265
PLOT-017732,3.6147600788060545
PLOT-017551,1.551699735553977
PLOT-016857,2.078862198426437
PLOT-016044,1.5821064101702087
PLOT-015279,3.970269913308378
PLOT-015096,3.8298599061818868
PLOT-016521,2.05883178517842
PLOT-015441,5.558083899243273
PLOT-016196,3.174553789684672
PLOT-016812,2.7444218518240735
PLOT-016796,3.4746055113644796
PLOT-016042,2.830761935527947
PLOT-017922,2.537660878447002
PLOT-018247,2.630777240590723
PLOT-017132,3.058274545683203
PLOT-015330,1.0924701317928336
PLOT-015392,2.859136436438174
PLOT-018601,3.1618783413336593
PLOT-018315,1.607000663312947
PLOT-016515,4.091526691753413
PLOT-015861,2.896546644270884
PLOT-015745,2.7512620391581657
PLOT-018347,1.1875137193289194
PLOT-017878,1.5152629054196742
PLOT-016111,1.989101715661802
PLOT-015327,3.424626615658157
PLOT-016119,1.9260972777460328
PLOT-016088,3.0619496834133053
PLOT-016897,4.515095942594798
PLOT-017958,0.9100899141317673
PLOT-018625,1.9775543043087607
PLOT-018595,1.9390253468412777
PLOT-015003,2.5999781078535698
PLOT-015594,3.307423381963692
PLOT-018522,5.445392309575675
PLOT-018290,2.555094884575664
PLOT-016490,3.3015575567597324
PLOT-018277,1.8075564253970924
PLOT-016870,1.0801709104003292
PLOT-015549,2.5309954967192336
PLOT-015556,3.5027479380034263
PLOT-016358,1.4014197919931768
PLOT-018163,2.1864073284669194
PLOT-015541,3.895486347908077
PLOT-018433,3.3473663477861457
PLOT-015252,3.8108798910356705
PLOT-015264,2.5587159774513824
PLOT-017622,0.9583234272585273
PLOT-016471,1.5982008165224912
PLOT-016234,3.1437191086901324
PLOT-018679,3.8434030494718545
PLOT-016401,0.29503743787609676
PLOT-016853,3.6537483829900568
PLOT-017094,4.9033410844034195
PLOT-015918,2.7966543545387714
PLOT-018310,1.8136105261505906
PLOT-016064,2.5047162827933014
PLOT-016533,2.7791377462544147
PLOT-017579,3.273860153405601
PLOT-015300,4.345981400839425
PLOT-017743,1.9678172412413715
PLOT-017326,1.9828878561586845
PLOT-018033,2.9434102851233344
PLOT-015553,2.7772690949293644
PLOT-016512,1.327329297710105
PLOT-018260,2.476535951720554
PLOT-015467,1.599840280703929
PLOT-015344,2.48420118230524
PLOT-017508,2.508279949391557
PLOT-018654,2.7513219221489136
PLOT-018513,2.2516441443221447
PLOT-017654,4.034858500324916
PLOT-018031,2.1903160956507444
PLOT-016417,0.7033003436923535
PLOT-017673,1.5801860310740792
PLOT-017028,2.731564920304295
PLOT-016448,4.538751869596451
PLOT-015166,1.60312796739014
PLOT-016706,1.0882373138905783
PLOT-016338,3.529321319627888
PLOT-017441,1.0320444359100232
PLOT-017307,6.165233746681095
PLOT-018004,2.5401593596441274
PLOT-018189,3.071669803089808
PLOT-018221,1.452958476409831
PLOT-015439,2.2985076033961653
PLOT-017288,5.653495584261929
PLOT-015021,2.8441898461614348
PLOT-018060,3.871587821548249
PLOT-017401,2.6576236422660275
PLOT-016079,1.0267386587847738
PLOT-016918,0.4627993314190302
PLOT-018279,0.8777988358715406
PLOT-017215,3.587354781319749
PLOT-017883,2.2769339418076284
PLOT-016227,4.1347092408795545
PLOT-018193,2.2522179935327276
PLOT-016650,3.0502341026777926
PLOT-017073,3.3298198843302544
PLOT-016213,2.454143587927345
PLOT-016544,2.3923603266796776
PLOT-016807,5.377585276199794
PLOT-015313,5.169638978183907
PLOT-015487,1.3168911043754046
PLOT-015229,4.193642723993383
PLOT-017570,2.2955494207800307
PLOT-017149,3.8985800357347524
PLOT-017512,2.359448174038371
PLOT-017415,0.6560973716619763
PLOT-017671,2.5393222493767147
PLOT-015286,1.8909466331397038
PLOT-017416,2.4141993469927456
PLOT-016698,0.8263810699692385
PLOT-017791,4.158923556273224
PLOT-016653,3.3450441851535406
PLOT-016901,3.8557415604999936
PLOT-015810,3.8669610343908283
PLOT-016693,2.919228944269613
PLOT-017795,3.7129149745897685
PLOT-015431,1.9454824545230713
PLOT-018618,2.6939290912126155
PLOT-017691,1.4441036490019465
PLOT-018688,3.181246079631572
PLOT-016368,2.8749574893339473
PLOT-015620,1.0708526045524938
PLOT-017145,2.7559629814329427
PLOT-016520,3.7871211440741206
PLOT-017880,2.973180763605754
PLOT-015936,2.0263659809773573
PLOT-016205,2.2121595701316057
PLOT-016202,2.8326037151002597
PLOT-018695,2.0474713665158073
PLOT-018377,0.8311786778098715
PLOT-018578,0.9995876475739668
PLOT-015130,2.5205769473908903
PLOT-015521,1.8442381196236446
PLOT-015955,5.874537247344131
PLOT-015913,3.6324916745502747
PLOT-015859,3.747931491023065
PLOT-016854,2.6499570999894395
PLOT-016315,3.2745005852050353
PLOT-017154,4.963257973832241
PLOT-018613,2.520174331293734
PLOT-015127,2.618338742944993
PLOT-015284,3.117637159481742
PLOT-018138,3.977045894831282
PLOT-015978,3.47390522186862
PLOT-015623,4.16941203191583
PLOT-018735,3.957407569623983
PLOT-015688,2.838600459139378
PLOT-017370,1.0742513651923467
PLOT-016366,2.7553066509559945
PLOT-017500,2.3695360352962553
PLOT-015995,1.8258298312321062
PLOT-018380,4.553964989855756
PLOT-017850,0.8802638767003965
PLOT-018112,0.8759432448394578
PLOT-017267,2.197978787692145
PLOT-015610,3.1408054325435852
PLOT-015458,2.751945494782634
PLOT-017785,2.3869424807898376
PLOT-018676,2.502523143703834
PLOT-017158,0.810109012885571
PLOT-015462,2.157823880338163
PLOT-016573,3.350100108143692
PLOT-015792,0.8419326228277475
PLOT-015504,2.292909557848717
PLOT-015308,5.1944317050900155
PLOT-017193,2.9432932878323386
PLOT-015363,4.181279778229038
PLOT-015579,1.8486054405078045
PLOT-015105,1.2314182694605122
PLOT-016705,3.4893691661297197
PLOT-017862,1.3458213590977715
PLOT-016132,3.485847010578417
PLOT-015507,1.978176515917133
PLOT-017268,2.5105213045195045
PLOT-016011,2.6826501801138467
PLOT-018604,4.980717491523456
PLOT-015946,2.992628917309617
PLOT-018284,2.4422905188686093
PLOT-017040,0.6935585721825681
PLOT-018444,2.306976816070714
PLOT-017206,3.403759533441304
PLOT-016336,1.6049794566685665
PLOT-018381,0.8929318884652304
PLOT-017522,1.7462798940883595
PLOT-017613,3.449820278745875
PLOT-018439,3.1900513099983514
PLOT-015188,2.427814878836285
PLOT-016793,3.8768917976219246
PLOT-017261,1.9504376562987225
PLOT-017657,1.5150200312385251
PLOT-017609,2.907656248035813
PLOT-017589,3.815183427698583
PLOT-018624,2.074788629117467
PLOT-018576,2.7627132321954684
PLOT-017635,2.94094604278465
PLOT-018175,3.535940597447439
PLOT-017886,2.7519447350215893
PLOT-016959,1.3065868629988313
PLOT-015976,2.304191071603415
PLOT-016707,5.850806298173913
PLOT-017290,1.165885981557113
PLOT-017255,1.7222184637204734
PLOT-016818,2.726355456127044
PLOT-015862,4.636969957950196
PLOT-016173,1.1225107146858002
PLOT-016651,2.6734892477586163
PLOT-016340,5.390838466429838
PLOT-018546,1.6120792119726974
PLOT-015281,1.3353249815178938
PLOT-016509,1.7597514684359137
PLOT-016832,1.258901063459132
PLOT-017571,1.9647384214553827
PLOT-016115,0.6576714058490347
PLOT-015353,1.3771419956000355
PLOT-016034,0.9709412282739845
PLOT-015731,4.958582524214479
PLOT-016445,1.6507614273574511
PLOT-015702,1.6260193100875526
PLOT-018635,4.1185986937306085
PLOT-018691,1.5591893639049845
PLOT-018194,3.3797121691669387
PLOT-015160,5.280834013225366
PLOT-018154,1.7464706936264056
PLOT-016881,3.4150299252744567
PLOT-018206,1.5397177561319657
PLOT-018742,3.4157504044803892
PLOT-016678,2.152117347885439
PLOT-016137,4.707981631005825
PLOT-016385,3.0219797559134474
PLOT-016198,0.676681516485593
PLOT-017237,2.5592092892442797
PLOT-015501,1.6821903359859447
PLOT-017076,1.1808426210952039
PLOT-017376,3.4700267064742794
PLOT-015162,2.41187747464636
PLOT-018700,2.6850956868578675
PLOT-017152,0.8813039968582891
PLOT-017358,1.330359290107885
PLOT-015185,2.216334977453679
PLOT-015459,1.3366527954082381
PLOT-017057,3.655925403613612
PLOT-017387,1.4870806614069503
PLOT-016007,2.6518376310294824
PLOT-016008,6.751867295654049
PLOT-017588,2.149122812437843
PLOT-018237,1.8567288778966173
PLOT-018374,4.721429012855805
PLOT-017388,1.9890109567059011
PLOT-016890,0.9369820582561584
PLOT-017270,2.141013398535797
PLOT-016287,2.8019556321755075
PLOT-015368,2.752611635657754
PLOT-016168,2.223943310868909
PLOT-016402,2.983812919836746
PLOT-016925,4.301042158132389
PLOT-016318,2.6691836067935366
PLOT-015493,2.449673599906851
PLOT-015231,2.1338757043219365
PLOT-017623,1.9622475045074117
PLOT-015333,1.7237344780864379
PLOT-016475,3.009402825326153
PLOT-017882,2.4689797890700373
PLOT-015788,1.828823819214427
PLOT-016138,3.1747699284802753
PLOT-018082,4.554712231935856
PLOT-018131,2.5846830107452883
PLOT-017694,2.590279208441194
PLOT-017868,1.289998045533135
PLOT-015380,2.350242131204069
PLOT-017554,4.700364898390818
PLOT-017713,2.3187586321962645
PLOT-015067,5.039212235694136
PLOT-016979,1.2827493082050219
PLOT-017271,2.818718261817489
PLOT-016882,0.926859050849261
PLOT-015477,2.5931430272346354
PLOT-018069,0.8013335633048382
PLOT-017976,4.672484069008726
PLOT-018048,3.026258115623485
PLOT-016172,2.1562026023945604
PLOT-018086,0.24311159221539952
PLOT-017599,1.0729421917124906
PLOT-016281,1.4468354732842017
PLOT-015425,1.396847264955633
PLOT-016602,0.9669975410200817
PLOT-017224,1.353898215552443
PLOT-015207,4.013719716047662
PLOT-016333,1.8169632860325102
PLOT-015199,2.333191319358389
PLOT-018659,3.6268823143198095
PLOT-018556,3.1368752405417166
PLOT-016938,3.1177772126994956
PLOT-015881,3.5275837517932174
PLOT-015143,3.3065593223533636
PLOT-016772,1.3430897233738375
PLOT-016580,1.5501400776707075
PLOT-018580,2.8213085898392567
PLOT-015249,1.5864020490078117
PLOT-018294,2.060577935165847
PLOT-017392,2.172299143293435
PLOT-016454,3.1221351455268325
PLOT-017424,2.818218693548321
PLOT-017633,1.0377737505802094
PLOT-015417,1.9148083091534978
PLOT-018569,2.241000203293893
PLOT-017722,2.179239723350915
PLOT-017669,2.5238930532100303
PLOT-017245,2.6667838149989027
PLOT-017515,1.4288876738093754
PLOT-017357,2.471463796686357
PLOT-017972,1.272814394514283
PLOT-018230,1.1040675662624353
PLOT-017979,1.6483151808993557
PLOT-016128,2.126410990389061
PLOT-016522,1.1267572229649816
PLOT-017495,3.9766079748922856
PLOT-017483,2.1628122090838415
PLOT-016485,3.7974990004234432
PLOT-016990,4.5826813883746125
PLOT-018043,5.177301561170409
PLOT-015912,3.864782361971897
PLOT-015326,2.7934587697071045
PLOT-017171,0.8957387164405969
PLOT-015083,2.204482457167126
PLOT-015765,3.66511603508095
PLOT-017422,3.4206596534276446
PLOT-017676,2.7565716447657764
PLOT-015102,2.2527359993797296
PLOT-015146,1.8106919982102405
PLOT-016133,2.4975187244604937
PLOT-018064,3.001861616568444
PLOT-015394,2.45762466828868
PLOT-018384,4.443329076411464
PLOT-017217,4.240282926142493
PLOT-017805,2.003618809778355
PLOT-018557,3.2251570595861754
PLOT-016221,2.460913540880874
PLOT-017317,1.9939553488317054
PLOT-017869,3.636168405867108
PLOT-018682,4.245862654591854
PLOT-016288,2.710482173752151
PLOT-015321,1.0264918036188144
PLOT-015111,2.6213789875600115
PLOT-015588,3.5849281729020572
PLOT-016957,3.4926525516336193
PLOT-018219,2.7843070457291956
PLOT-018705,1.4516515535753476
PLOT-018074,1.5006781992339107
PLOT-017616,1.0408446331979422
PLOT-016478,3.496853529822224
PLOT-017397,3.20675536628119
PLOT-015136,3.6421581616455354
PLOT-016158,2.8938679856999503
PLOT-015653,4.9824299090173705
PLOT-017391,2.6425795230150424
PLOT-017431,3.13097587185391
PLOT-017935,4.103092160461473
PLOT-018019,4.6381220951757856
PLOT-018146,3.643070550614917
PLOT-016047,3.1022922249848386
PLOT-017661,4.74159358776194
PLOT-017547,2.792354161425219
PLOT-016530,3.5961938210792272
PLOT-015930,0.83934519562678
PLOT-016464,2.3239802386888244
PLOT-016875,1.9817652090674718
PLOT-015220,3.2930310882408538
PLOT-017136,3.8931312273891843
PLOT-015927,3.3657426022383805
PLOT-017463,3.1066320045845854
PLOT-016453,3.7972367536052047
PLOT-017540,1.6187921840605406
PLOT-017788,2.8597644925644046
PLOT-016945,1.997852069477495
PLOT-017684,5.032952340844589
PLOT-015533,0.8401934211258734
PLOT-017901,4.08078758627517
PLOT-015606,1.8491259784969356
PLOT-015074,4.564495054666595
PLOT-016764,3.870289593734928
PLOT-015648,2.1105309074159284
PLOT-017653,2.250026824016864
PLOT-016322,2.0147466097555187
PLOT-016576,2.837021872883842
PLOT-017209,1.4557674592228222
PLOT-015113,2.0285261398647503
PLOT-017963,2.1680186017485767
PLOT-015986,2.4980494808995406
PLOT-018126,2.019875074914531
PLOT-015747,2.3171991906316087
PLOT-016863,1.4286833482356096
PLOT-015222,5.016785556554553
PLOT-015518,1.842430795673883
PLOT-016348,3.004563216825773
PLOT-016502,1.3025296440682457
PLOT-017666,2.0347240950291914
PLOT-016665,4.411851821578298
PLOT-016555,1.7909978134638096
PLOT-018528,3.2868901467393568
PLOT-017725,2.9743257834902788
PLOT-015035,1.9475625769599227
PLOT-015830,2.549282541837944
PLOT-017175,3.174127443208319
PLOT-017631,1.990515579823732
PLOT-016761,2.3367396164265855
PLOT-015347,1.649424034774564
PLOT-015167,0.8506747098365515
PLOT-018253,3.8903053580358318
PLOT-015116,2.247787918007901
PLOT-015530,3.4473380655339314
PLOT-016394,1.1668519910976616
PLOT-016028,3.2509120007508767
PLOT-018599,2.6919296615838992
PLOT-017445,2.4236579224785193
PLOT-018529,2.8408138537455967
PLOT-017872,3.781864663235012
PLOT-018550,2.1062047256961676
PLOT-017659,1.183057393318326
PLOT-017702,2.433500147400052
PLOT-016779,2.951522667009742
PLOT-016025,2.6098933841941125
PLOT-015081,3.969030970680301
PLOT-017162,3.509197522346743
PLOT-017030,1.477406686636386
PLOT-018728,1.3166578203790151
PLOT-018180,3.368301554840546
PLOT-016476,4.161973637809181
PLOT-018197,1.3786954329449281
PLOT-016477,0.853122986109725
PLOT-017510,3.3142948671717885
PLOT-018582,2.108429073744164
PLOT-016886,2.1551508220657296
PLOT-018231,2.612390286459459
PLOT-016629,2.5987286736124804
PLOT-017464,3.9111486789484213
PLOT-015040,3.3567789762028126
PLOT-016704,3.2880114762402264
PLOT-018308,3.4454062574101636
PLOT-017859,2.831733958203851
PLOT-015311,2.7786757561960993
PLOT-016631,2.2711821621697426
PLOT-017218,2.64463184187033
PLOT-017067,3.0668983060313053
PLOT-016426,4.469702972436055
PLOT-017002,1.8264267120757511
PLOT-015357,2.2284311521730067
PLOT-018473,2.2970914123602983
PLOT-018372,1.8149688076487467
PLOT-016827,1.274488161856466
PLOT-015128,1.8283338034635008
PLOT-016009,4.166078093091756
PLOT-016813,0.8308588514823475
PLOT-017244,2.8299691396464017
PLOT-015657,1.345742293467135
PLOT-016246,2.209643419504874
PLOT-018472,1.5680321008074365
PLOT-015201,1.929213089644922
PLOT-018543,4.707525934468209
PLOT-016421,2.082453789677856
PLOT-018190,3.5880584706100818
PLOT-017757,2.3220331338125173
PLOT-018545,2.6444523077207847
PLOT-017964,1.1916291458618398
PLOT-015593,3.873471257791084
PLOT-015970,3.816878824300519
PLOT-015202,2.1028169775894385
PLOT-018137,1.4286237252556913
PLOT-016974,2.211345833932866
PLOT-017480,1.0592456650859703
PLOT-018524,1.269877877590819
PLOT-017382,2.552616378829127
PLOT-017252,1.7662002537047656
PLOT-016980,1.7426174112018245
PLOT-018427,1.7863032366424105
PLOT-017941,3.6627897554632343
PLOT-016187,2.5364365068561803
PLOT-015351,2.6313992216520363
PLOT-016755,4.113897290934357
PLOT-016595,2.049659071793037
PLOT-015042,3.6911527199767846
PLOT-018026,2.8946104337383733
PLOT-016273,4.184350797239554
PLOT-015574,1.4823472870300711
PLOT-016920,3.133169823396202
PLOT-018224,2.6725118018513894
PLOT-015856,3.248402647278146
PLOT-017141,3.229868783980082
PLOT-017047,0.9640000122946378
PLOT-016808,0.9078708646551706
PLOT-018125,0.7578909548936774
PLOT-016898,4.90294002602075
PLOT-016846,2.8496737133652323
PLOT-015875,3.506327642210569
PLOT-015103,1.1902017463117336
PLOT-017506,3.1239190101783465
PLOT-015604,1.6524914163036786
PLOT-018597,1.298661605510766
PLOT-016233,2.7440564393886913
PLOT-017959,5.395040741578325
PLOT-016433,2.283174177263055
PLOT-015384,2.8186799307894175
PLOT-015893,3.6765923656593187
PLOT-015056,3.906004551465401
PLOT-015711,1.8268923205179193
PLOT-018461,2.1154723700248854
PLOT-015355,2.899260428694209
PLOT-016842,2.679112549227338
PLOT-016018,1.983315633821591
PLOT-018645,1.322384425845353
PLOT-015307,6.430451879009769
PLOT-015813,1.0973974228812344
PLOT-015041,2.4148020193153115
PLOT-018421,3.428393411450853
PLOT-016405,4.659689890498812
PLOT-016681,3.935715926633703
PLOT-015882,2.256886546597151
PLOT-017220,0.9006355701236715
PLOT-015698,2.5364544330368277
PLOT-017364,2.2044297438037446
PLOT-018233,2.60726208105746
PLOT-017051,3.7006141409668087
PLOT-017378,3.6962121977081717
PLOT-015215,2.958226421464934
PLOT-017146,2.9079197303608284
PLOT-016370,2.1105710697502436
PLOT-016566,0.7882596003781623
PLOT-018702,2.8795432276860065
PLOT-017360,1.0339254301511756
PLOT-016516,1.008443541290014
PLOT-016766,2.7841495592034318
PLOT-017452,1.802628824615492
PLOT-016037,2.4330804939672652
PLOT-016510,2.7353859913622705
PLOT-015411,3.876058892066364
PLOT-017981,1.222435684281656
PLOT-016301,1.6379339543699487
PLOT-016296,2.2632545361865413
PLOT-018498,2.0801196499866883
PLOT-017601,3.2591639589163988
PLOT-018566,2.9344589451013157
PLOT-015758,3.220783436275933
PLOT-017212,2.784210328795906
PLOT-016317,2.0587965008360007
PLOT-015073,5.798358447767055
PLOT-015025,1.5208839920734676
PLOT-017208,3.648543257777257
PLOT-016126,3.944414203742396
PLOT-016139,0.993346481449087
PLOT-015505,2.057606189593279
PLOT-016560,2.2813404499944547
PLOT-017230,4.1663510866479205
PLOT-016120,2.4936027063021187
PLOT-018414,1.2327159406496093
PLOT-015586,2.285888982347477
PLOT-017909,3.2135096413514326
PLOT-015611,1.9645498661047878
PLOT-016089,2.2196877387928646
PLOT-016535,2.783362190389534
PLOT-016408,3.704087239111991
PLOT-015348,1.6746246135524503
PLOT-015885,2.7613460435915815
PLOT-018644,2.7835456291196525
PLOT-018087,2.199452716962129
PLOT-015782,5.241548436031127
PLOT-018246,2.521878589132798
PLOT-017458,4.155931335610765
PLOT-015629,3.198534018201924
PLOT-015408,3.4175538301960127
PLOT-015164,2.7665340498572317
PLOT-017957,2.206516951991035
PLOT-016969,2.212502791451619
PLOT-016649,3.3023493923328893
PLOT-017380,2.8149504404419026
PLOT-016087,2.22056521878735
PLOT-018572,1.2531092244081636
PLOT-018101,2.6582851649210477
PLOT-017389,3.6534348115646513
PLOT-018709,3.9057249584915805
PLOT-016754,1.1545659870888163
PLOT-015294,1.8481255399711258
PLOT-015965,5.31140739522579
PLOT-016822,3.095941255486859
PLOT-018234,2.3532494094911653
PLOT-015528,4.016636424809173
PLOT-016968,2.2855203737200567
PLOT-015027,2.2176469560600487
PLOT-017478,6.749407748883701
PLOT-016673,4.439101823244414
PLOT-015274,4.113824825389667
PLOT-016072,4.542347850005099
PLOT-016074,3.951595165037597
PLOT-017356,0.7499632387489551
PLOT-017494,2.6861976671390244
PLOT-017405,3.2534125452391267
PLOT-017774,3.4361680856337524
PLOT-015585,2.074606287751054
PLOT-015837,2.8964711847020665
PLOT-015710,5.265008224470827
PLOT-017819,1.8224041116586847
PLOT-016250,3.0020037223514917
PLOT-016437,2.925986531403259
PLOT-016553,3.976526271876151
PLOT-015816,2.9402176549984658
PLOT-018694,1.1981499303757495
PLOT-017427,6.374985239307475
PLOT-015957,1.8123556326476256
PLOT-015302,3.6099063147009365
PLOT-018289,2.663091696764084
PLOT-018636,2.626547821494252
PLOT-016063,3.246586299964973
PLOT-015872,2.238008391148162
PLOT-018271,2.9606696346954298
PLOT-017861,2.329111766961514
PLOT-017936,3.541764558983709
PLOT-015923,2.3204619084777933
PLOT-015059,3.0803841669060983
PLOT-018014,4.18903353333304
PLOT-018420,3.2091783889211754
PLOT-016975,2.9773333975464684
PLOT-015023,2.2412703581215387
PLOT-017474,1.8240855079542146
PLOT-015683,2.550439914713114
PLOT-018512,4.160414091242822
PLOT-018483,1.872979745304693
PLOT-017056,0.600242296897434
PLOT-015228,3.2306202223811398
PLOT-015489,2.6470464308026873
PLOT-018201,1.1090297146628227
PLOT-015829,1.9008876330396882
PLOT-017784,2.1809379813082446
PLOT-015385,5.206259323972228
PLOT-015015,1.6543398468182686
PLOT-017399,3.1304734634601523
PLOT-018541,3.7622795386183365
PLOT-016388,1.8379084110727655
PLOT-018041,1.3159397404801982
PLOT-016588,1.2905534166314374
PLOT-018445,2.4768509321915086
PLOT-016751,2.1691834348549492
PLOT-016150,3.234149484630964
PLOT-016304,3.75640700759997
PLOT-016231,5.4850793283838595
PLOT-016792,2.748242270558319
PLOT-016269,3.0208283980784283
PLOT-018474,1.6604599016985495
PLOT-015497,4.273619321803083
PLOT-015352,3.296179066222644
PLOT-016838,1.3587317769719685
PLOT-015001,3.1061020987687185
PLOT-015285,1.5672770198082933
PLOT-016646,2.9926390162270504
PLOT-015783,0.8349199795141159
PLOT-017462,1.1907904309501907
PLOT-018321,3.599073530659248
PLOT-015068,3.2709637279666985
PLOT-015403,3.52763741320061
PLOT-015797,1.2501711389554009
PLOT-018725,2.7781080843995123
PLOT-018021,2.175069892384618
PLOT-017023,3.59046284610297
PLOT-015177,1.629095847290681
PLOT-015953,1.7620457526329678
PLOT-017139,3.5961696995510426
PLOT-016200,2.2786767715652525
PLOT-017843,2.316500167200412
PLOT-017300,2.3938698443985125
PLOT-016756,1.8907847278312886
PLOT-016577,3.557847630268629
PLOT-017241,2.8283499660651987
PLOT-017852,3.3694359090937307
PLOT-016507,2.057424039758011
PLOT-016497,3.730695927014179
PLOT-017688,4.813014965109942
PLOT-015538,1.1248693933986162
PLOT-016330,1.7599281580993218
PLOT-018207,2.486478392487743
PLOT-018459,5.272773346109309
PLOT-016488,4.560679025301615
PLOT-017018,2.463772627073687
PLOT-016744,2.5309433275802173
PLOT-017920,0.9970270707384092
PLOT-017408,2.9129944882828385
PLOT-018431,1.443173910451392
PLOT-018563,4.5033306109773426
PLOT-018596,6.907119508425297
PLOT-015948,2.402646576560444
PLOT-015510,2.634253720199973
PLOT-016393,1.1980346928878312
PLOT-016508,5.98578851413537
PLOT-017398,3.593324166562385
PLOT-017808,2.8085279815571136
PLOT-016331,1.903146613449052
PLOT-016309,4.8206607850630885
PLOT-018002,1.2173112274532307
PLOT-017396,1.4568904212074176
PLOT-017420,1.6536768149452254
PLOT-017544,2.8030765726059457
PLOT-017354,1.6064991781086706
PLOT-017608,3.039194609624157
PLOT-015663,5.838217043059283
PLOT-015573,2.3947373437309825
PLOT-017896,2.775796028983758
PLOT-017372,2.9733504552621084
PLOT-018265,2.6394032680593282
PLOT-018151,3.7743025475651284
PLOT-017485,4.8681867380637565
PLOT-017187,2.2858143096895196
PLOT-017584,3.7591789076452575
PLOT-017045,4.280158725494659
PLOT-015282,3.8365928975368986
PLOT-015258,2.4290506227993864
PLOT-016811,2.600116796239328
PLOT-016797,2.460568780732605
PLOT-017604,4.086247549985027
PLOT-015725,4.404300726933352
PLOT-016636,1.8132474170618167
PLOT-015677,1.7525674515178995
PLOT-017489,3.32401167552233
PLOT-016152,4.567254934663622
PLOT-016346,4.054055537682459
PLOT-015055,3.3422238570134484
PLOT-017773,2.1050308664117
PLOT-016411,2.732646770698489
PLOT-017755,1.5131748216791794
PLOT-017214,2.850961148144098
PLOT-018583,2.6431775686185315
PLOT-016361,3.144125482817178
PLOT-015888,2.247883407743388
PLOT-018001,3.60034608153368
PLOT-016819,3.873435177774436
PLOT-016972,1.0428225548906622
PLOT-015714,2.6022573952532455
PLOT-018405,2.1097080302833886
PLOT-016056,4.473122118839431
PLOT-017286,2.5976762726693696
PLOT-017207,0.9384843891509207
PLOT-015617,0.8030067964981592
PLOT-015123,2.986447261086588
PLOT-018205,3.4316981823624904
PLOT-015334,3.2290393747410775
PLOT-017816,3.595797349486085
PLOT-015304,4.830981434750383
PLOT-015980,3.208690584249466
PLOT-018329,1.9832887830290848
PLOT-015581,3.1069695192704154
PLOT-016616,3.878963377774702
PLOT-016194,1.9074610653571262
PLOT-016824,1.287990538010751
PLOT-016879,2.4052895983734204
PLOT-016981,3.807401748626034
PLOT-016861,1.8999853589891575
PLOT-016350,0.9659871916601933
PLOT-015409,3.539781623399765
PLOT-015675,1.1401974664586763
PLOT-015297,2.722223426630245
PLOT-015925,0.23289198822695997
PLOT-015022,2.783771832878715
PLOT-018000,5.069108837911872
PLOT-017479,4.326575276304113
PLOT-015728,4.710869538335162
PLOT-016307,2.448257595690103
PLOT-015671,2.0980599082634783
PLOT-016672,4.161307589717287
PLOT-016199,2.233201541910341
PLOT-018717,4.346631443902413
PLOT-018652,3.824203456678373
PLOT-015293,4.315312373119948
PLOT-018730,0.9507999014060812
PLOT-015126,2.8555080030542457
PLOT-017247,3.88426460986356
PLOT-017578,0.8800224413398137
PLOT-017467,2.307897250322067
PLOT-015692,2.502255724253775
PLOT-015686,2.6923040250398107
PLOT-015817,3.6290156147275625
PLOT-015216,2.998051416312001
PLOT-015152,4.750482939882301
PLOT-017999,3.0961794849614153
PLOT-016992,2.820128237094683
PLOT-017605,3.4941379324196964
PLOT-017008,2.8338137822518905
PLOT-015478,4.586607139691198
PLOT-016282,2.972625677551017
PLOT-016604,3.94860995668182
PLOT-017518,1.604317820695953
PLOT-016666,2.205617078625343
PLOT-017962,4.704034269966247
PLOT-015812,2.8006746595081906
PLOT-015250,1.8666472943072452
PLOT-015843,3.0861991656124985
PLOT-017125,2.1560613935465986
PLOT-017857,2.065150378664054
PLOT-018640,3.1885539344063676
PLOT-015967,1.4753092788029978
PLOT-017885,3.4146846548804466
PLOT-015972,2.9065130166859596
PLOT-016896,1.811089711598939
PLOT-017235,0.8914957728502005
PLOT-015246,2.842423673518086
PLOT-017203,2.684476519960748
PLOT-018641,1.8334752128951437
PLOT-018307,2.3396963291140658
PLOT-018379,2.7732342259037033
PLOT-017331,4.266481406341266
PLOT-018744,0.2601117093149584
PLOT-017585,3.7772457773359864
PLOT-018272,2.025805912562766
PLOT-016505,2.2718201230435264
PLOT-016345,3.5758087334443927
PLOT-018091,0.9376934819334037
PLOT-015975,3.125903002983603
PLOT-017686,2.2606544411388656
PLOT-016645,3.336793466081937
PLOT-016679,1.3623353009099282
PLOT-017697,2.919346353023426
PLOT-015122,1.8834284222518005
PLOT-016534,5.197203960068664
PLOT-018044,0.5420110618066514
PLOT-018169,2.5101955056737246
PLOT-017967,4.369515760675718
PLOT-017100,3.7037889053819204
PLOT-015869,3.349020481699832
PLOT-018646,2.148643316233838
PLOT-016030,4.82499058165534
PLOT-015756,4.1275121203637815
PLOT-016998,3.2695712989709937
PLOT-016156,1.6235205591240347
PLOT-017115,3.894527771982818
PLOT-017817,2.8572740894376585
PLOT-015332,3.755805992657319
PLOT-016592,2.6796836556287293
PLOT-017384,2.8244461748295184
PLOT-016575,2.772964708757662
PLOT-017683,2.6123153068603555
PLOT-015472,1.6837863912714985
PLOT-015901,2.8809672938221262
PLOT-015865,2.507455086753058
PLOT-016329,5.488759203077543
PLOT-016342,3.4338657687188228
PLOT-015741,2.206017776809587
PLOT-018478,2.576915624484649
PLOT-018291,3.1190424646376314
PLOT-017180,2.3663384574378905
PLOT-018484,4.674990151992721
PLOT-017562,1.3754481179660913
PLOT-016628,2.240932040474891
PLOT-017806,3.455813424388331
PLOT-017438,4.946296141026326
PLOT-016149,3.202377085985303
PLOT-018045,1.8829552739058706
PLOT-018164,3.225890368908745
PLOT-015256,4.311202854506287
PLOT-015633,3.1137922959574356
PLOT-017337,2.0287550132677254
PLOT-018009,2.0001223653048976
PLOT-015777,3.708788361727906
PLOT-017953,0.8609362601669633
PLOT-017101,1.9151084774100522
PLOT-015557,1.149508423204301
PLOT-018481,4.254614848633248
PLOT-016985,2.4025367843268506
PLOT-017088,3.6672008166968637
PLOT-015261,2.702935943823836
PLOT-017131,2.829899610808224
PLOT-018011,4.197386631185195
PLOT-018040,3.1442901879692875
PLOT-016889,3.480555601184012
PLOT-017532,5.016375176539906
PLOT-017078,2.0285030807424858
PLOT-018034,5.053163347050121
PLOT-018436,1.6011789681831683
PLOT-015208,2.5195130099563197
PLOT-018349,1.3377272055611595
PLOT-016913,2.7297362768392333
PLOT-016606,3.7554213101357705
PLOT-016020,0.9953349668872997
PLOT-018348,3.502812053370027
PLOT-016403,3.75103659072692
PLOT-017555,5.94668770085864
PLOT-017096,1.3089704788833023
PLOT-015209,1.128284623966415
PLOT-015153,2.3746118151962143
PLOT-017881,2.680444007811234
PLOT-016590,3.046922691132634
PLOT-017442,3.860006969652149
PLOT-016147,3.487006372935356
PLOT-016967,2.6800350925764977
PLOT-017316,1.0455066059704985
PLOT-017433,2.2902707376218374
PLOT-016633,1.7628622310223176
PLOT-017089,3.2811175509729456
PLOT-015597,3.759111076176442
PLOT-016931,4.2435735971087265
PLOT-016656,3.479140757589795
PLOT-015680,2.0409333346743335
PLOT-016565,2.280798756441061
PLOT-018275,3.025895039347368
PLOT-016328,3.1236376699602535
PLOT-017087,2.252144181451504
PLOT-017753,2.0697054290506403
PLOT-016518,2.5337809259094914
PLOT-017287,1.8325277752029183
PLOT-018713,3.7638854963087196
PLOT-015221,3.720066652613779
PLOT-015225,2.038401890939768
PLOT-018577,4.092618105969382
PLOT-018166,4.802648095277858
PLOT-017517,2.9529668834910723
PLOT-017642,2.4044561990381146
PLOT-017393,4.266242776665206
PLOT-016760,3.3250500515360306
PLOT-016360,2.1615325671390107
PLOT-017324,2.118163022503823
PLOT-018155,5.939245659138922
PLOT-017802,2.635213154660154
PLOT-016492,4.550225372128325
PLOT-017744,1.2655885822332822
PLOT-017763,0.7798839944268817
PLOT-017009,3.8874177893043913
PLOT-015205,2.93758502362353
PLOT-016027,1.854083323754192
PLOT-018540,3.992090379202489
PLOT-017596,1.378113036145522
PLOT-016046,2.7761807450865774
PLOT-015693,4.384836878600627
PLOT-017956,4.168204861887834
PLOT-018549,1.5747663645575307
PLOT-016186,3.368962927172115
PLOT-016369,2.5440660866648757
PLOT-016907,2.537522670354819
PLOT-017726,0.8001567624137291
PLOT-015016,1.5721958769414706
PLOT-017514,1.4247067725659304
PLOT-017205,2.0943625663483063
PLOT-018729,2.602058094044276
PLOT-016676,0.8718093087202251
PLOT-016184,4.382721913138104
PLOT-017353,2.5173621828155905
PLOT-015656,3.0234910178930208
PLOT-016571,2.8313786560080554
PLOT-016737,4.320713632131345
PLOT-016419,2.2567811414110617
PLOT-015399,2.96965602070916
PLOT-015618,3.045351362412475
PLOT-015508,0.7459599643100934
PLOT-018106,4.689750495722139
PLOT-018437,3.209966077118771
PLOT-017960,3.47370787023491
PLOT-015867,4.970214399121071
PLOT-017507,2.343980946539087
PLOT-015886,2.3119291158404716
PLOT-017110,3.2157255822916375
PLOT-015599,5.961619586981101
PLOT-017658,3.7037710111092093
PLOT-015457,1.7795624569830109
PLOT-017618,1.5038930623955216
PLOT-016117,2.331932136386902
PLOT-015870,5.2851160057452615
PLOT-015790,2.7055628660181354
PLOT-017260,2.8665584751777136
PLOT-015954,1.5273499479326444
PLOT-015650,4.521658385207713
PLOT-015733,2.1174297260601005
PLOT-018533,3.4459725833345782
PLOT-015379,1.505437558542471
PLOT-017612,2.136506555097485
PLOT-018030,2.8085632965824727
PLOT-015956,3.238022662363516
PLOT-015171,2.777838508122855
PLOT-016944,2.7399207834750725
PLOT-017279,2.392944687896759
PLOT-015659,3.165567489800228
PLOT-017430,3.2793596809539474
PLOT-017528,0.5431659851633124
PLOT-017120,2.050605366174342
PLOT-016094,1.7909404228680035
PLOT-018068,3.113332219384585
PLOT-018707,2.303036211624712
PLOT-017219,2.9543282679804794
PLOT-015642,1.90860113668393
PLOT-015168,2.9120654333751177
PLOT-016517,3.80069070270238
PLOT-016800,2.993753617360249
PLOT-017682,2.8184457702666457
PLOT-016917,3.019008214581723
PLOT-015272,5.305267298813024
PLOT-016215,3.7417756141169467
PLOT-017468,2.09730826828018
PLOT-016118,2.508617244809342
PLOT-018098,5.418648122693827
PLOT-018350,2.4659292370769954
PLOT-016066,3.6406155290358635
PLOT-017104,3.207362436067031
PLOT-017792,4.0448653368840715
PLOT-017877,1.918724284754985
PLOT-016912,3.2727709187819722
PLOT-015038,3.880986509866361
PLOT-015306,3.3057544233927505
PLOT-015006,2.2387240082575026
PLOT-017456,3.453121391626181
PLOT-015781,3.049831315494792
PLOT-016190,1.8707529896751478
PLOT-015534,2.037414881893252
PLOT-015583,3.339318450923144
PLOT-017980,2.152520778722308
PLOT-018671,3.064438114303363
PLOT-018168,4.0296043817786185
PLOT-018440,5.03844321868426
PLOT-017750,4.083823540111932
PLOT-015316,3.9616706524149707
PLOT-017197,3.5999473562294586
PLOT-017414,1.254318103774096
PLOT-017564,3.5317703146901676
PLOT-016794,2.2166030077164014
PLOT-017581,3.14391449498676
PLOT-017708,3.6460189978394935
PLOT-015271,2.61966356076131
PLOT-015548,2.8122151982187877
PLOT-016692,5.098440290388585
PLOT-016719,2.8955183516087404
PLOT-018451,1.9017081575393078
PLOT-018464,2.127645403376895
PLOT-017390,5.141385753020112
PLOT-015598,2.3575117250795867
PLOT-016689,2.6781793367799303
PLOT-015894,3.6300576695903675
PLOT-018733,2.045079189413883
PLOT-016775,5.205108541759032
PLOT-015570,1.8403257200508614
PLOT-016999,1.2476366396627239
PLOT-017122,0.983922992076259
PLOT-015061,2.330315164959876
PLOT-016247,2.592792791995481
PLOT-018748,5.339295099145282
PLOT-016259,2.4241232479610293
PLOT-015809,1.613701050253275
PLOT-017292,3.8283814952365254
PLOT-016049,0.9861688648782235
PLOT-018454,2.8696958901240754
PLOT-015107,3.120245126022262
PLOT-017153,3.684921069486839
PLOT-015673,2.002488726931169
PLOT-017690,1.4097323550431953
PLOT-017995,3.8601569326151535
PLOT-015665,3.68106817080316
PLOT-015509,3.0901066868449685
PLOT-017179,2.956229453777124
PLOT-016640,1.6627245424350248
PLOT-017492,2.239766286167848
PLOT-018303,3.3771533899174155
PLOT-016532,3.6744732147615684
PLOT-015866,2.934812828424529
PLOT-016855,5.236360513429705
PLOT-016736,1.0523745416230157
PLOT-016060,3.958695426658056
PLOT-018536,4.237419954965765
PLOT-017105,3.0531829644158153
PLOT-018419,1.0357399319030725
PLOT-016973,1.026495892604829
PLOT-015589,1.7719735919479427
PLOT-017996,6.072639678425159
PLOT-018263,3.1540345218316297
PLOT-015086,4.70835480808854
PLOT-018615,0.7901819080038857
PLOT-015771,2.6629856803681684
PLOT-017954,4.644094755785357
PLOT-016249,3.215893049992074
PLOT-015708,4.964293996490087
PLOT-017472,4.467909969725021
PLOT-017985,2.3866864673222317
PLOT-018316,1.2537623286919968
PLOT-017586,2.7851915093244792
PLOT-016860,1.858837512911155
PLOT-018181,3.2349012312464316
PLOT-017128,2.766180797205453
PLOT-018305,2.096956916378848
PLOT-018177,1.916003962890182
PLOT-015418,2.276871785522518
PLOT-016461,2.663915155850737
PLOT-016484,1.6713772668697084
PLOT-018609,4.825572593607736
PLOT-018465,2.8634644857047507
PLOT-018600,2.8144746772932785
PLOT-015851,3.2429639415290548
PLOT-016004,3.7534669329802908
PLOT-016996,2.312836359282741
PLOT-016834,3.9737959198866566
PLOT-017947,3.287929309694288
PLOT-015436,2.292191483449009
PLOT-016316,3.8127519867127107
PLOT-016623,3.029843721121353
PLOT-016480,3.8770809268329463
PLOT-016648,2.366060064505598
PLOT-016003,2.911993273687348
PLOT-016278,2.1961847166201998
PLOT-016823,2.578915243585645
PLOT-018029,3.9778734069178414
PLOT-018602,1.0634051978277075
PLOT-016836,1.5495708764643445
PLOT-018554,3.7738354223897272
PLOT-017352,2.0627191312795135
PLOT-017282,1.6330365089423742
PLOT-016546,2.663420197844397
PLOT-015335,3.1133461536272553
PLOT-017617,4.304252641357961
PLOT-015088,1.778983846217371
PLOT-015874,2.5894949647859398
PLOT-018285,5.816917038328024
PLOT-015543,2.5619495099231484
PLOT-016241,2.798239496527563
PLOT-017760,4.137617568570984
PLOT-016880,4.050795345432869
PLOT-018611,5.419370978106338
PLOT-018111,3.7926463192869493
PLOT-017269,2.200994772031331
PLOT-015319,3.113460608940832
PLOT-015519,0.8688793787168568
PLOT-017903,1.5495310177599404
PLOT-015878,1.7863072859509068
PLOT-018561,2.7388435139770633
PLOT-015825,2.1214127776637337
PLOT-016290,1.1422272442971728
PLOT-018210,3.302982545967116
PLOT-018333,1.142498229224526
PLOT-015138,2.611707554333374
PLOT-015163,5.269680940092386
PLOT-016618,2.22779275305284
PLOT-018539,6.1671392081720695
PLOT-016791,2.3091844715752194
PLOT-016045,1.898713881692004
PLOT-015960,1.9153099013785668
PLOT-016750,2.617067680804214
PLOT-018212,1.7272960699666087
PLOT-017830,2.47245787573232
PLOT-016504,3.823928533894855
PLOT-017889,2.184729795926017
PLOT-018692,2.4233363671226122
PLOT-016059,2.157719496781071
PLOT-017681,3.6884510531215535
PLOT-018409,0.9908981196546236
PLOT-015655,1.689392670962648
PLOT-017064,0.8176070437098769
PLOT-018603,3.6546723541172854
PLOT-015137,0.8425271438531268
PLOT-017946,1.5220944627538842
PLOT-016976,0.9596425125014468
PLOT-016581,1.9112398006340785
PLOT-015697,3.605820869111285
PLOT-016097,3.0071873749271396
PLOT-017836,2.2432311857022103
PLOT-018268,0.9636416272178903
PLOT-017453,2.676093881033932
PLOT-017496,0.8153279350420966
PLOT-016392,2.459735701903984
PLOT-018655,4.045736610422225
PLOT-016266,1.5527206229687467
PLOT-017375,2.2565536836425832
PLOT-017365,2.108913706771324
PLOT-015135,1.384150282603937
PLOT-016169,1.6784918882690374
PLOT-017574,2.777537422525069
PLOT-017135,3.829329931541115
PLOT-016503,2.188827820813086
PLOT-016362,1.6405644021411063
PLOT-017998,2.0944891078470875
PLOT-015148,4.4232513707201555
PLOT-015303,3.556467664108094
PLOT-016017,0.8564978643680202
PLOT-016924,1.3451103030043896
PLOT-016052,5.728683469358516
PLOT-018423,2.5056917885276992
PLOT-017413,3.6453610003421515
PLOT-017637,2.6334965846600107
PLOT-018262,2.270645394902849
PLOT-016904,2.7637013472274026
PLOT-018254,2.6715270634937722
PLOT-015198,3.718498662813032
PLOT-016768,2.774214151706658
PLOT-017240,2.8611147876304557
PLOT-015404,2.5959886048312084
PLOT-018328,2.184516928990496
PLOT-018743,2.7117339280020274
PLOT-015483,2.423223268793484
PLOT-016182,1.8903912994102299
PLOT-016339,3.4443855057725075
PLOT-016280,3.1371795433675005
PLOT-016031,2.910360046004708
PLOT-015791,3.675764722222194
PLOT-015799,4.33675835224332
PLOT-017432,2.897608741864036
PLOT-017798,2.8397045598914956
PLOT-016201,5.957732219335707
PLOT-015422,4.211054737880148
PLOT-017362,1.2829816017755535
PLOT-018716,5.5034745476583
PLOT-016883,3.4035580145494593
PLOT-018684,0.3858419460437592
PLOT-016479,4.2139595203504445
PLOT-017591,2.2256619314816115
PLOT-016928,0.7776172406046575
PLOT-017710,2.736870845415782
PLOT-018147,2.772586868987605
PLOT-016529,4.362566225632145
PLOT-015902,2.4258561239920127
PLOT-017809,3.3067330122000183
PLOT-015685,4.69937983664264
PLOT-016551,4.2676403505925045
PLOT-018438,0.9482733067041957
PLOT-015159,1.313995948914002
PLOT-015999,1.7601690227922888
PLOT-018056,2.667290154570884
PLOT-018535,3.6508660437874187
PLOT-017250,4.857598909865435
PLOT-017689,1.6593120393137113
PLOT-015112,0.8843457904630622
PLOT-018567,3.181105578880009
PLOT-016446,1.9983869139460106
PLOT-016952,2.8501678020230723
PLOT-015922,4.296342755292425
PLOT-016624,5.86796012803218
PLOT-018228,0.9824364835916328
PLOT-017853,2.796471611094023
PLOT-016319,1.694893460823242
PLOT-016663,3.3505308713778077
PLOT-015815,3.1916570024227435
PLOT-018095,1.2421783583200727
PLOT-017266,2.4341437401717942
PLOT-016473,2.706572652420956
PLOT-016773,2.2798609282729156
PLOT-015679,1.8579223678117034
PLOT-018199,1.6641644670186921
PLOT-016093,3.4317940012306924
PLOT-015080,0.7679467387883763
PLOT-016950,1.3801977747524727
PLOT-018519,1.8411809120728895
PLOT-018075,1.214398365040885
PLOT-018280,4.230047224942588
PLOT-017800,1.7240057951963508
PLOT-016239,4.243095021752651
PLOT-015329,2.8899830095075525
PLOT-015242,3.4410995606285386
PLOT-018073,3.4049189889470295
PLOT-015641,0.7097983401098524
PLOT-015696,4.767570690238078
PLOT-017257,0.7810388794032967
PLOT-017818,3.3291884418048743
PLOT-015753,3.4309214378039252
PLOT-015435,2.117632936140444
PLOT-016563,2.9452463586936277
PLOT-016934,1.4867459154172817
PLOT-018457,2.9916156804883087
PLOT-016712,2.823828208472903
PLOT-015551,1.5633177724986915
PLOT-018127,2.502957253696614
PLOT-018255,5.256986101071725
PLOT-015601,1.9277311078526314
PLOT-016964,1.5293588024743183
PLOT-016013,1.630111238267219
PLOT-018204,3.352356544620132
PLOT-016427,1.518833819364794
PLOT-017012,2.4765106493511495
PLOT-016386,3.4766098278256203
PLOT-016295,3.901943622188639
PLOT-015466,5.147424622849713
PLOT-016499,4.210966659724159
PLOT-018218,1.4790719626427231
PLOT-018670,4.618081845290214
PLOT-015277,2.429009891500558
PLOT-016069,2.7726345643045365
PLOT-016548,1.2480050650170165
PLOT-016024,1.4561034523638154
PLOT-016465,3.2221015597885163
PLOT-017770,1.5861444627937105
PLOT-015940,2.3284006454194692
PLOT-017834,4.154385138254379
PLOT-018297,1.128841451123048
PLOT-016466,2.7056609414622192
PLOT-016323,2.488561118098641
PLOT-017675,2.279304162169175
PLOT-016399,5.15969633221693
PLOT-018099,4.637933133067397
PLOT-016449,1.8547943786955978
PLOT-015906,4.000566397101008
PLOT-018352,1.929661485747612
PLOT-017611,3.5372912127579053
PLOT-016895,3.6153678989983744
PLOT-015388,2.925769265714321
PLOT-017070,3.51643711353976
PLOT-017943,2.8974569725253745
PLOT-017172,2.744632552992046
PLOT-017968,3.6138093589767526
PLOT-017821,4.122216768323608
PLOT-015880,2.645758185546816
PLOT-018425,0.8923873811135213
PLOT-015050,3.6976876428179595
PLOT-016887,1.061441747721532
PLOT-016702,1.4984726656234657
PLOT-018359,3.139538180861509
PLOT-015133,2.0279919239698163
PLOT-016105,3.4925857126732462
PLOT-015703,2.4605077157299378
PLOT-015482,5.059167278438985
PLOT-016145,3.587571920259031
PLOT-017038,5.208534370329119
PLOT-018673,1.6649791962737006
PLOT-015066,2.762234638290962
PLOT-018479,1.8361662702897092
PLOT-017781,3.7363270866564537
PLOT-017313,1.993432884903673
PLOT-017849,1.6732536270081995
PLOT-018351,4.7493160370932275
PLOT-015907,2.8903083528917493
PLOT-015031,3.2342131231150284
PLOT-017465,2.1036842957075086
PLOT-017929,3.1245091566289234
PLOT-017680,6.53374164717815
PLOT-018551,2.6330363475972063
PLOT-015010,1.811910298512812
PLOT-015064,1.4210926896650844
PLOT-015776,4.000781391899211
PLOT-015077,3.5680941483447284
PLOT-015491,2.7323595601599924
PLOT-018145,0.8954447961659645
PLOT-018273,4.47260879655697
PLOT-017580,5.4029940876631395
PLOT-017113,3.850846679218734
PLOT-018453,0.7508285617835659
PLOT-017344,3.8431223113141426
PLOT-015591,1.2911637231326392
PLOT-017815,1.272671878659911
PLOT-016285,0.8336849446236516
PLOT-018269,3.929080108171307
PLOT-015724,2.7970285181259857
PLOT-017674,3.81888289042799
PLOT-018142,4.002520424122856
PLOT-018708,1.0383419968851582
PLOT-016212,2.0967922694157783
PLOT-018643,4.4061796948501675
PLOT-017299,3.9855133282826802
PLOT-018223,2.2712964143733534
PLOT-016637,2.81320240552267
PLOT-018581,3.218075981956372
PLOT-018574,4.443493095551073
PLOT-018665,4.6070218991754
PLOT-015982,2.1867195238041455
PLOT-015706,2.446222848918026
PLOT-017535,3.432328641412712
PLOT-016687,0.35145569570781227
PLOT-018388,4.117272021892416
PLOT-015273,1.257660865552042
PLOT-016709,2.9176715195841614
PLOT-018249,3.237374110183036
PLOT-018429,5.445518261714162
PLOT-015963,2.3854853659794446
PLOT-017925,1.900912350894596
PLOT-018136,1.5046832496285725
PLOT-018573,0.7959508637688992
PLOT-018706,1.2508253044974815
PLOT-017459,2.147866388055422
PLOT-018327,2.3515896710204167
PLOT-018192,4.582696381820774
PLOT-016452,2.968758366949804
PLOT-017715,0.5647669579226015
PLOT-015149,3.249447917359928
PLOT-017692,2.5837017913807476
PLOT-017767,2.812886403556202
PLOT-016757,4.952110858771393
PLOT-015218,3.027885254703777
PLOT-015239,2.4260151397980247
PLOT-016131,3.285659008908439
PLOT-018390,3.592375046515494
PLOT-017840,3.470258521671658
PLOT-017239,3.9244983187775215
PLOT-017381,1.8769931317845623
PLOT-016253,2.255964326430795
PLOT-016053,3.4308522690859604
PLOT-018010,3.2725867374682536
PLOT-016668,3.272734029395814
PLOT-018178,2.5874120061389014
PLOT-018712,1.9755108976136122
PLOT-016357,2.5100652749319923
PLOT-015775,3.139245267367164
PLOT-017630,2.224215136234836
PLOT-017832,2.893568710038915
PLOT-018274,2.396933647668889
PLOT-015839,3.1310899910284262
PLOT-015627,1.5477756548290407
PLOT-015323,1.3723480907760555
PLOT-018402,2.394852336993915
PLOT-018675,1.1842391775345011
PLOT-016867,3.1441910716380597
PLOT-016160,2.371095203067456
PLOT-017826,1.6419481521953871
PLOT-016076,1.7196273218444498
PLOT-017987,0.8701001605409799
PLOT-015437,3.227916917197756
PLOT-015119,3.4125521718442844
PLOT-018306,2.9628682757402105
PLOT-018089,2.2960807136983314
PLOT-018314,3.012534614227668
PLOT-016814,3.1983816505113483
PLOT-016839,3.646752788964528
PLOT-016026,3.007995103401628
PLOT-015076,1.9657761975775279
PLOT-015900,1.3856929213796016
PLOT-015371,3.8693237074997295
PLOT-016204,3.917247013031671
PLOT-018186,3.228181876961981
PLOT-018736,4.921120739450436
PLOT-015941,3.3926923361025723
PLOT-017625,3.580525395687179
PLOT-017867,1.6677902664501445
PLOT-015552,1.814801163887855
PLOT-015406,3.390417041665237
PLOT-017117,2.363200032337831
PLOT-016613,2.294392858532087
PLOT-017934,0.9299738601938721
PLOT-015968,2.163391473694438
PLOT-017833,3.8892113240567845
PLOT-018293,2.0529995659651035
PLOT-018367,3.7343652758097137
PLOT-017349,2.1579321831389136
PLOT-016746,3.7873684235201925
PLOT-015689,2.1892460700244194
PLOT-017860,2.5491812936092426
PLOT-016738,2.7285419666901856
PLOT-015236,4.007500030406363
PLOT-018592,5.877850104254834
PLOT-016986,3.292780964818354
PLOT-016983,2.9772354180463587
PLOT-017842,2.6701930182633076
PLOT-015499,1.5338605858170624
PLOT-015822,0.7079941731732172
PLOT-015794,2.7424676448868013
PLOT-018278,2.459248202087466
PLOT-015990,2.064222603262224
PLOT-015567,3.1679922114158274
PLOT-017982,2.6353557556119624
PLOT-017435,3.0433524203179076
PLOT-015390,2.7775722244525567
PLOT-015743,3.912713644911784
PLOT-017400,2.832205863808396
PLOT-016217,4.159582868399447
PLOT-015235,3.4992364596290764
PLOT-018467,4.541841957105691
PLOT-015480,4.215891194511396
PLOT-017042,1.1935170954898198
PLOT-017615,1.7496958688954798
PLOT-016677,1.1975954414166856
PLOT-018442,1.5723506115119597
PLOT-018626,2.5589590213754874
PLOT-018241,0.9712248244332254
PLOT-018318,2.442674429687012
PLOT-015120,1.9723603995819614
PLOT-018487,3.883650293126364
PLOT-018072,2.600629245692001
PLOT-016272,3.3957214640525915
PLOT-015926,5.92598684328613
PLOT-017563,3.3590939401005797
PLOT-016594,1.706059118575783
PLOT-015223,3.9158632290143145
PLOT-015766,5.616489052443779
PLOT-015613,1.2543053322976165
PLOT-017891,3.4727664503168914
PLOT-016245,4.444832362459648
PLOT-016540,1.28881754220134
PLOT-015052,0.8059380524919351
PLOT-015529,3.9526588958227937
PLOT-017533,3.112175716561091
PLOT-016899,3.0067885001036747
PLOT-018677,3.268738534192413
PLOT-015818,2.342623004221876
PLOT-015155,2.5393060743150153
PLOT-017648,1.604863299412479
PLOT-018612,2.620048751086866
PLOT-015248,3.407559190686075
PLOT-015761,1.3177334770202693
PLOT-016894,3.9741252800869584
PLOT-017029,2.78977551587211
PLOT-018589,3.1091885001351347
PLOT-016130,1.5781029638468353
PLOT-015542,2.4724395844477183
PLOT-015793,3.6132750887813763
PLOT-016725,2.4184491552512215
PLOT-018200,3.4628895969978517
PLOT-015628,2.112458453493656
PLOT-017198,4.735912655570281
PLOT-018401,5.817546169067462
PLOT-017339,2.895815824106035
PLOT-017429,3.05529613475411
PLOT-018579,1.5455369496939517
PLOT-017734,5.38969871890836
PLOT-016367,5.312941095921956
PLOT-016620,2.912058164522137
PLOT-017945,2.8118529458496213
PLOT-018500,2.494245300745055
PLOT-017902,4.919238362720909
PLOT-016071,4.716228625036855
PLOT-015554,3.8168404022354276
PLOT-016828,3.1699918802027183
PLOT-015826,5.203976939433756
PLOT-016984,2.796044528416293
PLOT-018450,1.7503990465753676
PLOT-016837,3.949112674774353
PLOT-017939,6.3690029519228695
PLOT-015535,4.27728085962848
PLOT-018361,1.2358076839352892
PLOT-017663,4.476302366181084
PLOT-015154,2.888178207045767
PLOT-018238,3.021474232721951
PLOT-018149,2.355882936767257
PLOT-017952,4.445718748065998
PLOT-018538,3.5285443513998405
PLOT-015322,4.718956145946531
PLOT-016710,3.2785435294664858
PLOT-015014,3.5221437592262617
PLOT-016798,1.9642690666174212
PLOT-018542,3.4789703267445207
PLOT-015082,3.482347243829159
PLOT-017560,2.174073161539188
PLOT-016943,2.0849414323865822
PLOT-016988,1.3283397065086873
PLOT-017672,4.0781179301611346
PLOT-016383,3.3116444079304586
PLOT-016574,3.7996127805492494
PLOT-017977,3.3852308666426065
PLOT-018392,2.7121750041187096
PLOT-017058,2.683478241370377
PLOT-018617,2.0458831984802233
PLOT-016494,2.5057592390804664
PLOT-015831,3.58956475011837
PLOT-017080,1.8557506892055906
PLOT-016174,5.132885702165356
PLOT-015413,2.7662649752031974
PLOT-017628,4.665055753283598
PLOT-016817,3.5658626227220687
PLOT-015165,2.5357547457587866
PLOT-018236,1.3435158129590326
PLOT-018667,4.1430844341637
PLOT-015614,3.5152145921417137
PLOT-018093,2.9825827165211996
PLOT-016014,2.9837202563615874
PLOT-017137,2.7403854893534922
PLOT-018462,2.4516506243588077
PLOT-018452,0.7714029943409447
PLOT-017649,2.4193821552236865
PLOT-016237,1.0896073775878974
PLOT-017181,1.7354831239990558
PLOT-015555,2.7535843218144054
PLOT-018079,1.2882332248456672
PLOT-018320,3.7501408779545744
PLOT-017368,2.725000323299253
PLOT-018530,0.4249806331396708
PLOT-016211,2.9790344487059905
PLOT-018499,0.28119761598831394
PLOT-015634,4.863111115353948
PLOT-017600,2.692043837516911
PLOT-016055,3.808201585251488
PLOT-017340,3.645110615635254
PLOT-016708,2.6058145055067685
PLOT-015796,2.085579380097105
PLOT-017990,5.056453102061739
PLOT-018471,2.103491902705465
PLOT-015174,1.1483561510670455
PLOT-017814,2.316957603278272
PLOT-015245,3.437916248505742
PLOT-016080,2.9421174276765805
PLOT-016654,3.645331375723204
PLOT-018711,3.341375806268804
PLOT-015144,4.235304103141176
PLOT-015145,5.199544315319948
PLOT-015090,1.5510723708415517
PLOT-015682,1.1970037455619305
PLOT-015310,1.3814255762385668
PLOT-015093,1.0506227208396477
PLOT-018322,2.4119084955857324
PLOT-016956,2.991796135841451
PLOT-015924,6.4160279766092865
PLOT-018448,3.650787387032042
PLOT-016909,1.8702376827882192
PLOT-016035,7.50850420458359
PLOT-016400,1.741727881375933
PLOT-017291,3.1185565114566924
PLOT-016500,2.630599995871435
PLOT-018159,2.4056749162885485
PLOT-017262,4.198898514115745
PLOT-016468,0.9798124235596396
PLOT-015998,1.7355507491719937
PLOT-015853,3.130671193727977
PLOT-017473,0.8247070412826308
PLOT-017204,5.34678725689279
PLOT-016142,2.4058282049937767
PLOT-016143,2.5073260252729996
PLOT-017274,0.5000954905592436
PLOT-017944,3.72925484274827
PLOT-017048,3.427689089214555
PLOT-015401,2.4741925687925472
PLOT-016103,2.799908985937965
PLOT-015084,4.957119953277323
PLOT-017210,2.7714567724506
PLOT-018620,1.1773904408556566
PLOT-015114,2.722533710813891
PLOT-017718,3.689933248063951
PLOT-018222,1.9050833262277296
PLOT-018276,4.722141791269056
PLOT-016585,2.9463254028411527
PLOT-016567,2.181576519099319
PLOT-017937,2.428759544293916
PLOT-016501,2.1826954498350633
PLOT-016660,3.563661122689504
PLOT-016556,2.7170568274943987
PLOT-017007,1.4147500227529846
PLOT-015625,3.5702983307647838
PLOT-016885,1.2077929002548318
PLOT-018722,5.053094845155806
PLOT-016866,3.47518883151511
PLOT-015952,3.6813801063072042
PLOT-017855,4.309559702672783
PLOT-017306,0.9229072572790309
PLOT-015624,1.3934474009101532
PLOT-017874,2.592203645744009
PLOT-015234,3.7004774179354682
PLOT-017183,2.9943225030554697
PLOT-017664,3.5128674444134043
PLOT-018267,2.2997954948218866
PLOT-017884,3.742864222695607
PLOT-017890,1.9608578856406242
PLOT-017034,1.491923044884263
PLOT-018007,4.764095442921968
PLOT-016826,3.6919893756179607
PLOT-018571,1.848874937394603
PLOT-017640,2.813080794858183
PLOT-016314,1.038844382800528
PLOT-016525,3.851739771519376
PLOT-016562,3.205053450419357
PLOT-016752,2.343224316227189
PLOT-016605,5.127463709689622
PLOT-015343,2.18929651296696
PLOT-018726,2.044779843542629
PLOT-017341,2.1211581789256133
PLOT-017412,3.88162315276393
PLOT-017226,2.2181510078459046
PLOT-017707,5.322918659809193
PLOT-015996,3.260669119232542
PLOT-017062,3.126638965213756
PLOT-016110,2.1796611322185004
PLOT-017213,2.3297921146905294
PLOT-018203,0.8660658764453008
PLOT-016359,4.62366310846472
PLOT-017107,2.3010065939099498
PLOT-015709,3.4328459610098423
PLOT-016878,1.0825035861509693
PLOT-017724,3.484146119096306
PLOT-016378,2.5493022453911878
PLOT-017828,2.9609753702820303
PLOT-015424,3.1563158381269796
PLOT-015292,3.9784748792274316
PLOT-016065,5.593265202792634
PLOT-017921,5.747931294041556
PLOT-017377,2.418055772340627
PLOT-016638,3.733010651217275
PLOT-017477,2.991419653528885
PLOT-016012,1.927081907224891
PLOT-017127,2.8464175836172787
PLOT-016717,2.619497453343751
PLOT-018100,4.527461575956792
PLOT-015937,2.441369552434636
PLOT-015834,1.0340954479819093
PLOT-017797,1.663788792407331
PLOT-017938,2.882513715527686
PLOT-015254,3.329932033144873
PLOT-018495,3.576714321681239
PLOT-016482,3.7806782254762186
PLOT-018721,2.6419000085510693
PLOT-016407,2.197253193348597
PLOT-018156,2.854018329868259
PLOT-018649,2.44192180656035
PLOT-017184,2.9679180496419457
PLOT-018183,3.011599947727417
PLOT-018266,1.6856547567285258
PLOT-017900,2.091636274959249
PLOT-018250,3.19467342530522
PLOT-015723,4.60151360712759
PLOT-017907,2.6970996436365278
PLOT-015969,4.198442869943009
PLOT-015496,1.873754323109458
PLOT-015950,1.5549545943219334
PLOT-015805,1.8338167828249008
PLOT-016829,2.710860333524287
PLOT-017177,0.649220100123171
PLOT-016739,1.8973783992578828
PLOT-015337,1.4755611239248299
PLOT-015730,2.1107302479915298
PLOT-015608,0.4514611229064991
PLOT-016148,3.2498727626675303
PLOT-017243,0.779792711064045
PLOT-018298,0.7391218956725686
PLOT-016713,3.463301983021208
PLOT-018340,0.9807077922297833
PLOT-018738,1.9590691607254516
PLOT-015909,3.023209147890903
PLOT-017632,2.710862094858104
PLOT-017151,2.443337956685285
PLOT-017010,2.687133781805359
PLOT-017491,3.1416320492111187
PLOT-018631,2.910613035228889
PLOT-016810,3.218632384255194
PLOT-016994,1.3846464232285995
PLOT-015719,2.4905911040137236
PLOT-017932,1.93675225088742
PLOT-017824,1.0772855053502612
PLOT-016569,2.310176210234703
PLOT-017897,2.2808532690066197
PLOT-017942,0.9663665039902435
PLOT-017275,3.798916761261716
PLOT-015434,2.3101136908489424
PLOT-016299,1.9798830803710785
PLOT-017174,3.7042341804892063
PLOT-015405,1.7837722480919005
PLOT-017823,3.5628767978697
PLOT-015821,3.8773748961591927
PLOT-017759,1.5980087270162375
PLOT-016789,1.4661822877798596
PLOT-018674,3.9704685192627647
PLOT-018108,3.282435750784694
PLOT-018211,5.364371074586453
PLOT-017351,1.958301415217192
PLOT-017315,1.6753026150160528
PLOT-016858,4.9689554809364544
PLOT-016557,2.2114444205069406
PLOT-015545,2.8537974420421612
PLOT-015212,2.1651442903217974
PLOT-015896,3.948924999875798
PLOT-018270,2.1198669721486607
PLOT-016941,2.469776619235113
PLOT-016891,2.9202571980913605
PLOT-015916,3.122756324516709
PLOT-017723,2.0633421299625025
PLOT-016289,1.0548080404980902
PLOT-015814,4.608591387615429
PLOT-016265,1.4831975734092249
PLOT-015342,1.691050496938742
PLOT-017597,3.1210454572454966
PLOT-016410,2.68113018661513
PLOT-016214,3.4761109350692987
PLOT-015966,4.383174838627232
PLOT-016230,3.5178336374155394
PLOT-017343,2.099519284583434
PLOT-015695,2.831002053032679
PLOT-017121,2.681282852480665
PLOT-015605,3.893855626133739
PLOT-015104,3.8362896670508895
PLOT-015645,2.134438815726105
PLOT-016404,2.5875261059362997
PLOT-015494,2.7558387878200064
PLOT-018088,2.470694429895539
PLOT-017487,3.1094287721246836
PLOT-016019,3.673157815460866
PLOT-015091,4.611506176703872
PLOT-016112,3.0578711349824204
PLOT-018741,3.755462297431252
PLOT-015908,2.1940023359397016
PLOT-016474,3.285994628985372
PLOT-016741,3.32001579770328
PLOT-017150,2.1735938986026757
PLOT-015238,3.1363491013683826
PLOT-018466,2.7748456493487486
PLOT-015942,2.5244469403670955
PLOT-016270,3.4446971361598187
PLOT-015938,2.536209956054139
PLOT-016424,5.628950659370066
PLOT-018229,0.9241523215346042
PLOT-016862,2.0346622096762195
PLOT-016669,2.333752686350241
PLOT-015005,1.3502611886879958
PLOT-015247,3.5859926539746745
PLOT-018013,4.404189855205046
PLOT-015018,1.5454298495409065
PLOT-017169,2.2833884579317347
PLOT-016970,2.121434049787158
PLOT-017709,2.1310769363325766
PLOT-017232,3.225790677570762
PLOT-017322,1.1922736250594086
PLOT-017481,4.917629054735862
PLOT-015811,2.051130927418567
PLOT-016300,1.691586425279281
PLOT-016335,2.115841844226249
PLOT-018632,3.777299887994354
PLOT-015260,3.3108921013238732
PLOT-016804,3.150038236401428
PLOT-016570,3.5974554933208776
PLOT-017229,4.791899737975137
PLOT-015184,0.9900662642433393
PLOT-017454,3.420745550914956
PLOT-016743,2.446601457154511
PLOT-017913,2.417804080960964
PLOT-016630,3.1300291915954723
PLOT-016716,1.3609133566050469
PLOT-015520,1.2413631511341237
PLOT-018051,2.348520620521548
PLOT-017428,3.451147353008937
PLOT-017016,4.5850682755915235
PLOT-016658,3.0157201771966338
PLOT-018441,3.5883382378094586
PLOT-016612,2.1098059567527208
PLOT-017475,1.7577411518303165
PLOT-017126,4.358622960416973
PLOT-018057,0.892842574469755
PLOT-018734,2.00839680128951
PLOT-015607,6.710024130697859
PLOT-015230,3.2444154940068994
PLOT-018140,1.543916685541579
PLOT-015331,1.7201056744481291
PLOT-018105,1.2004764017267953
PLOT-016440,2.3565088334557043
PLOT-016927,2.303981849545743
PLOT-016091,1.6101695154139952
PLOT-016101,4.219522008498878
PLOT-016129,3.3868408024597683
PLOT-018283,2.1441418833826495
PLOT-015461,1.721401690762339
PLOT-015958,1.5349312778639714
PLOT-016662,1.3657086133180132
PLOT-015559,3.222210908331633
PLOT-017894,4.779230340893555
PLOT-017738,0.593982486062228
PLOT-018526,2.8921416191469342
PLOT-016519,1.458212149239408
PLOT-017140,3.444919821279602
PLOT-018630,2.3353436116974553
PLOT-017032,4.48454680917348
PLOT-017484,2.387716998098017
PLOT-017538,0.8914190356534692
PLOT-017097,1.0340985366583677
PLOT-018435,3.9157143839311455
PLOT-018565,1.9915316817025406
PLOT-015069,4.011571907609504
PLOT-016572,2.1983296698337624
PLOT-015808,1.6378046503916979
PLOT-018232,2.48410087076016
PLOT-015011,0.70716004805412
PLOT-017025,4.179916628368173
PLOT-017192,2.527765668575959
PLOT-015917,2.633914136413271
PLOT-016451,3.442650244811438
PLOT-017687,3.5220293969682928
PLOT-015176,2.698714434851983
PLOT-015994,2.7354743487608904
PLOT-017488,2.8411954910682296
PLOT-017569,3.6764627776915297
PLOT-018740,3.932237621659266
PLOT-018052,4.2931369101572505
PLOT-016255,3.4178606715024453
PLOT-018282,3.9878265717573207
PLOT-016664,2.6383922232555976
PLOT-017191,4.408843524504648
PLOT-017801,1.1945418539511754
PLOT-017567,1.895327700260755
PLOT-018370,1.3699827966310563
PLOT-017870,1.8192171115682996
PLOT-016790,3.119380962163058
PLOT-017476,5.306602743789337
PLOT-017660,1.2545971271098717
PLOT-018080,2.3784626750911673
PLOT-015156,4.301715389446311
PLOT-017587,2.8470836890202684
PLOT-016460,2.4357801551965026
PLOT-017046,2.0349394970752273
PLOT-018338,2.3873164131886084
PLOT-016850,1.805776611899015
PLOT-017509,0.3918273149631737
PLOT-017624,4.343505911589427
PLOT-018410,3.1869839754685017
PLOT-017303,2.8256681114324405
PLOT-018027,2.377503124207735
PLOT-017005,4.015369574804622
PLOT-016185,2.1326752805276317
PLOT-016006,1.1163256315291494
PLOT-015560,4.320061182746731
PLOT-017256,2.4926187680516416
PLOT-015910,5.81159713717411
PLOT-016311,5.17612044933229
PLOT-017049,3.2891244528425934
PLOT-018413,2.55303179433118
PLOT-015269,3.0192665817578273
PLOT-016993,4.513040196823548
PLOT-015265,2.959649957398072
PLOT-015914,2.558914741719011
PLOT-017278,3.3565159427680875
PLOT-017231,1.709648286999083
PLOT-018167,3.235590664197902
PLOT-018732,2.7910485860625642
PLOT-017912,2.6323918850388788
PLOT-018114,3.3756246637460294
PLOT-015873,4.0712078806767895
PLOT-017093,2.2046500919518186
PLOT-017446,3.066819048438416
PLOT-015475,2.854914164246324
PLOT-016652,2.536224586707646
PLOT-016960,5.201019748109348
PLOT-015045,3.4374290763631
PLOT-015161,4.24482073417947
PLOT-018039,3.6706563832032795
PLOT-017775,2.411413168536833
PLOT-017677,1.8195697474341244
PLOT-015288,2.150525979909954
PLOT-018107,2.384984843543934
PLOT-018718,1.4021077735045253
PLOT-016948,2.3571791538228353
PLOT-015575,3.8787390407765376
PLOT-015850,2.4979335126895954
PLOT-018387,3.019484940475042
PLOT-015911,2.0862251818348563
PLOT-016254,5.165058830347292
PLOT-016833,2.0153274695624135
PLOT-016722,2.148811866300737
PLOT-017133,1.7291565869890027
PLOT-016735,4.184176959321691
PLOT-015932,3.030807054019143
PLOT-016100,4.203144187939858
PLOT-016207,2.034982675791703
PLOT-017295,1.6879247552946766
PLOT-016843,0.8673063695115847
PLOT-016848,2.8704654699935204
PLOT-017524,3.3714515981970954
PLOT-016694,3.956661676357623
PLOT-015085,3.704641444937966
PLOT-015469,5.1857237908426566
PLOT-017273,0.6643568428844777
PLOT-017822,4.991707272256904
PLOT-017379,3.544890762441688
PLOT-015233,3.3134722459098076
PLOT-017636,1.1401424516340073
PLOT-017523,2.5395857984100547
PLOT-018332,3.8185246779022926
PLOT-018699,2.1058278833997752
PLOT-017647,4.162766447094036
PLOT-017469,2.6848538233035155
PLOT-016711,2.538062981974645
PLOT-015182,0.7951416888380389
PLOT-015988,3.179242322314694
PLOT-016000,2.3735446298301643
PLOT-016641,1.6622252429452797
PLOT-016356,2.6283560248136455
PLOT-016462,1.6979164669013969
PLOT-015049,2.5260743865734003
PLOT-018637,0.9994826647147288
PLOT-018077,1.8372925973533574
PLOT-017577,3.9607671210466133
PLOT-016258,1.4080381789263665
PLOT-015486,4.164578869689926
PLOT-018715,1.2962165399586882
PLOT-017545,2.9720424596749484
PLOT-016908,3.5577636501208434
PLOT-015106,2.481010537402044
PLOT-015443,4.845276411524315
PLOT-016954,3.811707624731389
PLOT-018560,2.515204984671541
PLOT-015646,3.1571109540674978
PLOT-018084,4.24075878379241
PLOT-016762,0.790959430651135
PLOT-015726,2.749487341963644
PLOT-017238,1.5582534576762717
PLOT-016856,1.9962120337925524
PLOT-017330,5.170254642383761
PLOT-015029,1.1549643120962751
PLOT-015169,4.143551899841911
PLOT-016001,2.2558479654039276
PLOT-018252,2.5071382075127477
PLOT-017148,2.5894556550405037
PLOT-015197,1.6356634311194378
PLOT-015495,3.2669076572523568
PLOT-017026,2.5114873900069834
PLOT-015647,1.7360215553639669
PLOT-018035,1.177637783552625
PLOT-015044,5.259769251680011
PLOT-017758,2.841105203911034
PLOT-015373,2.734852223614894
PLOT-015678,2.719491701916128
PLOT-015566,4.843677584549449
PLOT-017895,2.0319287514904842
PLOT-015460,3.5893780463723055
PLOT-016932,2.465226818570198
PLOT-018485,1.7594145123623282
PLOT-016155,3.20589100950865
PLOT-015039,2.4851253592830913
PLOT-017482,1.6107593529681632
PLOT-015973,3.5414754688023673
PLOT-018287,1.5852501971154878
PLOT-018055,1.7482876461846655
PLOT-018627,1.0274402368610376
PLOT-018638,2.7883502705605654
PLOT-016786,1.3733203119720634
PLOT-016498,2.732630640927783
PLOT-017504,4.448566264763556
PLOT-016835,3.6731514897199475
PLOT-017308,1.979451045361248
PLOT-016840,2.0777397030460025
PLOT-017083,3.465050314814142
PLOT-015827,5.347773990824047
PLOT-016935,2.3727817800263042
PLOT-017044,5.50221775553108
PLOT-015309,1.8752855873671266
PLOT-015276,3.0694007335435796
PLOT-015636,3.5392183840633624
PLOT-015654,3.1906579483569306
PLOT-015622,3.0471999154252405
PLOT-016859,3.644559195670812
PLOT-015844,3.7873157986132084
PLOT-015393,3.529952788349444
PLOT-017155,5.851873382533065
PLOT-015349,2.300107423990486
PLOT-017572,1.5204041416847118
PLOT-015784,1.7338661745129016
PLOT-015047,2.582406361737875
PLOT-016978,4.2195534838037325
PLOT-017251,3.6347685190363337
PLOT-018651,3.2274096926446725
PLOT-016655,2.965581914540065
PLOT-017069,3.306567756750896
PLOT-015402,2.727807972910589
PLOT-016107,3.1765346980908236
PLOT-016154,3.762126873072982
PLOT-016439,3.615546050951108
PLOT-018749,1.7507123268420544
PLOT-017001,3.797621291894306
PLOT-015989,1.8875876139978038
PLOT-016865,2.9606975125485335
PLOT-017789,4.645716735753529
PLOT-016310,1.9020096077928388
PLOT-018195,1.6243046517803983
PLOT-015033,1.4686491773675316
PLOT-015787,3.350021804635594
PLOT-018588,6.650666183160577
PLOT-017971,1.6620540236285073
PLOT-016043,2.8890367772255128
PLOT-015481,2.279929210715058
PLOT-016243,2.88760297118852
PLOT-017627,1.3693265806248274
PLOT-017529,0.4723970688169448
PLOT-015931,1.5654960683099068
PLOT-017404,2.394841750666986
PLOT-016685,1.4280501396685488
PLOT-016248,1.2645788554849682
PLOT-015759,2.284273849671377
PLOT-015092,3.2999611555214527
PLOT-016175,2.211153140171456
PLOT-016415,2.6193258612466583
PLOT-016341,2.730678252415467
PLOT-016472,2.678749251132831
PLOT-017851,1.2110143668390352
PLOT-017793,1.9174688575962104
PLOT-018594,1.7842887579735862
PLOT-017327,2.6355867422737798
PLOT-016607,4.060185661042982
PLOT-015764,1.5663066493117528
PLOT-017652,4.145728362175119
PLOT-018747,3.025260477319721
PLOT-016373,3.557889135437498
PLOT-016951,2.86516660218368
PLOT-018446,2.5060459968474875
PLOT-017448,2.1511605811295214
PLOT-016728,0.6468310832003417
PLOT-015257,2.457921733588345
PLOT-015944,1.8396918806903841
PLOT-018144,1.4688513271487338
PLOT-016219,2.7380106548108962
PLOT-018555,5.080022396338089
PLOT-016161,1.2610125637421794
PLOT-017542,4.784270022871465
PLOT-015772,1.2239005370169447
PLOT-017598,4.312672946281817
PLOT-016486,3.132645911985338
PLOT-017249,3.805092805501567
PLOT-015312,0.9184546039686109
PLOT-015290,2.5393903536902194
PLOT-018261,1.4799942012753626
PLOT-015763,1.201822397057101
PLOT-018184,2.4194503892485004
PLOT-017997,3.7476947597284336
PLOT-015183,1.5593314482020144
PLOT-016176,1.3379318130066664
PLOT-016349,3.0475973317579075
PLOT-018116,1.7677752658653907
PLOT-018516,2.360660301035362
PLOT-018078,5.775874409901736
PLOT-017298,4.1299679592817045
PLOT-017871,1.9579035855369997
PLOT-016099,3.1799713011074355
PLOT-018584,3.3579308392459173
PLOT-017988,1.0405550205865557
PLOT-015391,0.7783876066927128
PLOT-016919,3.5903545181718535
PLOT-016456,0.8349996691005829
PLOT-016092,2.2919746622256887
PLOT-017022,1.6643106461227202
PLOT-018239,4.59579000112412
PLOT-015904,2.567087582055298
PLOT-017778,2.6576479426646227
PLOT-017602,3.560065622827139
PLOT-015366,4.4093656432082975
PLOT-015345,3.3311959840921834
PLOT-018656,2.1231174647908606
PLOT-017583,3.3311323576499903
PLOT-018470,2.5864564151732004
PLOT-018257,2.5230675831309024
PLOT-016372,2.631767370951566
PLOT-016639,4.398094867352596
PLOT-015919,3.3296429485080252
PLOT-015211,2.9088835424510844
PLOT-016603,3.4040943423261414
PLOT-017550,3.579674474518647
PLOT-015537,3.5079505705132394
PLOT-016220,3.06866532736821
PLOT-015175,0.9278436734506227
